-- MySQL dump 10.19  Distrib 10.3.39-MariaDB, for Linux (x86_64)
--
-- Host: 127.0.0.1    Database: auto-backup
-- ------------------------------------------------------
-- Server version	11.2.4-MariaDB-ubu2204

/*!40101 SET @OLD_CHARACTER_SET_CLIENT=@@CHARACTER_SET_CLIENT */;
/*!40101 SET @OLD_CHARACTER_SET_RESULTS=@@CHARACTER_SET_RESULTS */;
/*!40101 SET @OLD_COLLATION_CONNECTION=@@COLLATION_CONNECTION */;
/*!40101 SET NAMES utf8mb4 */;
/*!40103 SET @OLD_TIME_ZONE=@@TIME_ZONE */;
/*!40103 SET TIME_ZONE='+00:00' */;
/*!40014 SET @OLD_UNIQUE_CHECKS=@@UNIQUE_CHECKS, UNIQUE_CHECKS=0 */;
/*!40014 SET @OLD_FOREIGN_KEY_CHECKS=@@FOREIGN_KEY_CHECKS, FOREIGN_KEY_CHECKS=0 */;
/*!40101 SET @OLD_SQL_MODE=@@SQL_MODE, SQL_MODE='NO_AUTO_VALUE_ON_ZERO' */;
/*!40111 SET @OLD_SQL_NOTES=@@SQL_NOTES, SQL_NOTES=0 */;

--
-- Table structure for table `backup_traces`
--

DROP TABLE IF EXISTS `backup_traces`;
/*!40101 SET @saved_cs_client     = @@character_set_client */;
/*!40101 SET character_set_client = utf8 */;
CREATE TABLE `backup_traces` (
  `id` int(11) NOT NULL AUTO_INCREMENT,
  `id_backup` int(11) DEFAULT NULL,
  `last_status` varchar(255) DEFAULT NULL,
  `createdAt` datetime NOT NULL DEFAULT current_timestamp(),
  `updatedAt` datetime NOT NULL DEFAULT current_timestamp(),
  PRIMARY KEY (`id`),
  KEY `backup_traces_backups_FK` (`id_backup`),
  CONSTRAINT `backup_traces_backups_FK` FOREIGN KEY (`id_backup`) REFERENCES `backups` (`id`) ON DELETE CASCADE ON UPDATE CASCADE
) ENGINE=InnoDB AUTO_INCREMENT=1582 DEFAULT CHARSET=utf8mb4 COLLATE=utf8mb4_general_ci;
/*!40101 SET character_set_client = @saved_cs_client */;

--
-- Dumping data for table `backup_traces`
--

LOCK TABLES `backup_traces` WRITE;
/*!40000 ALTER TABLE `backup_traces` DISABLE KEYS */;
INSERT INTO `backup_traces` VALUES (10,70,'[RUNNING]','2024-06-21 18:39:57','2024-06-21 18:39:57'),(11,70,'[ALL OK]','2024-06-21 18:39:57','2024-06-21 18:39:57'),(12,70,'[RUNNING]','2024-06-21 18:40:30','2024-06-21 18:40:30'),(13,70,'[FINISHED WITH ERRORS]','2024-06-21 18:40:30','2024-06-21 18:40:30'),(14,70,'[RUNNING]','2024-06-21 18:40:55','2024-06-21 18:40:55'),(15,70,'[FINISHED WITH ERRORS]','2024-06-21 18:40:56','2024-06-21 18:40:56'),(16,70,'[RUNNING]','2024-06-21 18:41:13','2024-06-21 18:41:13'),(17,70,'[FINISHED WITH ERRORS]','2024-06-21 18:41:13','2024-06-21 18:41:13'),(18,70,'[RUNNING]','2024-06-21 18:41:34','2024-06-21 18:41:34'),(19,70,'[ALL OK]','2024-06-21 18:41:34','2024-06-21 18:41:34'),(20,70,'[RUNNING]','2024-06-21 18:41:53','2024-06-21 18:41:53'),(21,70,'[NOT OK]','2024-06-21 18:41:53','2024-06-21 18:41:53'),(22,70,'[RUNNING]','2024-06-21 18:49:35','2024-06-21 18:49:35'),(23,70,'[ALL OK]','2024-06-21 18:49:36','2024-06-21 18:49:36'),(24,70,'[RUNNING]','2024-06-21 18:49:40','2024-06-21 18:49:40'),(25,70,'[ALL OK]','2024-06-21 18:49:40','2024-06-21 18:49:40'),(26,70,'[RUNNING]','2024-06-21 18:49:41','2024-06-21 18:49:41'),(27,70,'[ALL OK]','2024-06-21 18:49:42','2024-06-21 18:49:42'),(28,70,'[RUNNING]','2024-06-21 18:49:44','2024-06-21 18:49:44'),(29,70,'[ALL OK]','2024-06-21 18:49:44','2024-06-21 18:49:44'),(30,70,'[RUNNING]','2024-06-21 18:49:47','2024-06-21 18:49:47'),(31,70,'[ALL OK]','2024-06-21 18:49:47','2024-06-21 18:49:47'),(32,70,'[RUNNING]','2024-06-21 18:49:48','2024-06-21 18:49:48'),(33,70,'[ALL OK]','2024-06-21 18:49:49','2024-06-21 18:49:49'),(34,70,'[RUNNING]','2024-06-21 18:49:50','2024-06-21 18:49:50'),(35,70,'[ALL OK]','2024-06-21 18:49:50','2024-06-21 18:49:50'),(36,70,'[RUNNING]','2024-06-21 18:49:51','2024-06-21 18:49:51'),(37,70,'[ALL OK]','2024-06-21 18:49:52','2024-06-21 18:49:52'),(38,70,'[RUNNING]','2024-06-21 18:50:11','2024-06-21 18:50:11'),(39,70,'[ALL OK]','2024-06-21 18:50:19','2024-06-21 18:50:19'),(40,70,'[RUNNING]','2024-06-21 22:15:28','2024-06-21 22:15:28'),(41,70,'[ALL OK]','2024-06-21 22:15:37','2024-06-21 22:15:37'),(42,70,'[RUNNING]','2024-06-24 16:35:36','2024-06-24 16:35:36'),(43,70,'[ALL OK]','2024-06-24 16:35:45','2024-06-24 16:35:45'),(44,70,'[RUNNING]','2024-06-24 16:37:27','2024-06-24 16:37:27'),(45,70,'[ALL OK]','2024-06-24 16:37:35','2024-06-24 16:37:35'),(46,70,'[RUNNING]','2024-06-24 16:38:57','2024-06-24 16:38:57'),(47,70,'[ALL OK]','2024-06-24 16:39:01','2024-06-24 16:39:01'),(48,70,'[RUNNING]','2024-06-24 16:39:19','2024-06-24 16:39:19'),(49,70,'[ALL OK]','2024-06-24 16:39:24','2024-06-24 16:39:24'),(50,70,'[RUNNING]','2024-06-24 16:39:49','2024-06-24 16:39:49'),(51,70,'[ALL OK]','2024-06-24 16:39:50','2024-06-24 16:39:50'),(52,70,'[RUNNING]','2024-06-24 16:48:54','2024-06-24 16:48:54'),(53,70,'[ALL OK]','2024-06-24 16:48:55','2024-06-24 16:48:55'),(54,70,'[RUNNING]','2024-06-24 16:55:12','2024-06-24 16:55:12'),(55,70,'[ALL OK]','2024-06-24 16:55:13','2024-06-24 16:55:13'),(56,70,'[RUNNING]','2024-06-24 16:55:15','2024-06-24 16:55:15'),(57,70,'[ALL OK]','2024-06-24 16:55:16','2024-06-24 16:55:16'),(58,70,'[RUNNING]','2024-06-24 16:55:16','2024-06-24 16:55:16'),(59,70,'[ALL OK]','2024-06-24 16:55:17','2024-06-24 16:55:17'),(60,70,'[RUNNING]','2024-06-24 16:57:50','2024-06-24 16:57:50'),(61,70,'[ALL OK]','2024-06-24 16:57:51','2024-06-24 16:57:51'),(62,70,'[RUNNING]','2024-06-24 16:59:58','2024-06-24 16:59:58'),(63,70,'[ALL OK]','2024-06-24 16:59:59','2024-06-24 16:59:59'),(64,70,'[RUNNING]','2024-06-24 17:00:01','2024-06-24 17:00:01'),(65,70,'[ALL OK]','2024-06-24 17:00:01','2024-06-24 17:00:01'),(66,70,'[RUNNING]','2024-06-24 17:00:02','2024-06-24 17:00:02'),(67,70,'[ALL OK]','2024-06-24 17:00:03','2024-06-24 17:00:03'),(68,70,'[RUNNING]','2024-06-24 17:27:59','2024-06-24 17:27:59'),(69,70,'[ALL OK]','2024-06-24 17:28:00','2024-06-24 17:28:00'),(70,70,'[RUNNING]','2024-06-24 17:28:00','2024-06-24 17:28:00'),(71,70,'[ALL OK]','2024-06-24 17:28:01','2024-06-24 17:28:01'),(72,70,'[RUNNING]','2024-06-24 17:28:01','2024-06-24 17:28:01'),(73,70,'[ALL OK]','2024-06-24 17:28:02','2024-06-24 17:28:02'),(74,70,'[RUNNING]','2024-06-24 17:28:02','2024-06-24 17:28:02'),(75,70,'[ALL OK]','2024-06-24 17:28:03','2024-06-24 17:28:03'),(76,70,'[RUNNING]','2024-06-24 17:28:03','2024-06-24 17:28:03'),(77,70,'[ALL OK]','2024-06-24 17:28:04','2024-06-24 17:28:04'),(78,70,'[RUNNING]','2024-06-24 17:28:04','2024-06-24 17:28:04'),(79,70,'[ALL OK]','2024-06-24 17:28:05','2024-06-24 17:28:05'),(80,70,'[RUNNING]','2024-06-24 17:28:06','2024-06-24 17:28:06'),(81,70,'[ALL OK]','2024-06-24 17:28:06','2024-06-24 17:28:06'),(82,70,'[RUNNING]','2024-06-24 17:28:07','2024-06-24 17:28:07'),(83,70,'[ALL OK]','2024-06-24 17:28:07','2024-06-24 17:28:07'),(84,70,'[RUNNING]','2024-06-24 17:28:08','2024-06-24 17:28:08'),(85,70,'[ALL OK]','2024-06-24 17:28:08','2024-06-24 17:28:08'),(86,70,'[RUNNING]','2024-06-24 17:28:27','2024-06-24 17:28:27'),(87,70,'[ALL OK]','2024-06-24 17:28:28','2024-06-24 17:28:28'),(88,70,'[RUNNING]','2024-06-24 17:28:28','2024-06-24 17:28:28'),(89,70,'[ALL OK]','2024-06-24 17:28:28','2024-06-24 17:28:28'),(90,70,'[RUNNING]','2024-06-24 17:28:29','2024-06-24 17:28:29'),(91,70,'[ALL OK]','2024-06-24 17:28:29','2024-06-24 17:28:29'),(92,70,'[RUNNING]','2024-06-24 17:28:29','2024-06-24 17:28:29'),(93,70,'[ALL OK]','2024-06-24 17:28:30','2024-06-24 17:28:30'),(94,70,'[RUNNING]','2024-06-24 17:28:30','2024-06-24 17:28:30'),(95,70,'[ALL OK]','2024-06-24 17:28:31','2024-06-24 17:28:31'),(96,70,'[RUNNING]','2024-06-24 17:28:31','2024-06-24 17:28:31'),(97,70,'[ALL OK]','2024-06-24 17:28:32','2024-06-24 17:28:32'),(98,70,'[RUNNING]','2024-06-24 17:28:33','2024-06-24 17:28:33'),(99,70,'[RUNNING]','2024-06-24 17:28:33','2024-06-24 17:28:33'),(100,70,'[ALL OK]','2024-06-24 17:28:33','2024-06-24 17:28:33'),(101,70,'[ALL OK]','2024-06-24 17:28:34','2024-06-24 17:28:34'),(102,70,'[RUNNING]','2024-06-24 17:28:34','2024-06-24 17:28:34'),(103,70,'[ALL OK]','2024-06-24 17:28:35','2024-06-24 17:28:35'),(104,70,'[RUNNING]','2024-06-24 17:28:35','2024-06-24 17:28:35'),(105,70,'[ALL OK]','2024-06-24 17:28:36','2024-06-24 17:28:36'),(106,70,'[RUNNING]','2024-06-24 17:28:36','2024-06-24 17:28:36'),(107,70,'[ALL OK]','2024-06-24 17:28:37','2024-06-24 17:28:37'),(108,70,'[RUNNING]','2024-06-24 17:28:37','2024-06-24 17:28:37'),(109,70,'[ALL OK]','2024-06-24 17:28:38','2024-06-24 17:28:38'),(110,70,'[RUNNING]','2024-06-24 17:28:38','2024-06-24 17:28:38'),(111,70,'[ALL OK]','2024-06-24 17:28:39','2024-06-24 17:28:39'),(112,70,'[RUNNING]','2024-06-24 17:28:39','2024-06-24 17:28:39'),(113,70,'[ALL OK]','2024-06-24 17:28:40','2024-06-24 17:28:40'),(114,70,'[RUNNING]','2024-06-24 17:29:15','2024-06-24 17:29:15'),(115,70,'[ALL OK]','2024-06-24 17:29:16','2024-06-24 17:29:16'),(116,70,'[RUNNING]','2024-06-24 17:29:16','2024-06-24 17:29:16'),(117,70,'[ALL OK]','2024-06-24 17:29:17','2024-06-24 17:29:17'),(118,70,'[RUNNING]','2024-06-24 17:29:17','2024-06-24 17:29:17'),(119,70,'[ALL OK]','2024-06-24 17:29:18','2024-06-24 17:29:18'),(120,70,'[RUNNING]','2024-06-24 17:29:45','2024-06-24 17:29:45'),(121,70,'[ALL OK]','2024-06-24 17:29:46','2024-06-24 17:29:46'),(122,70,'[RUNNING]','2024-06-24 17:29:47','2024-06-24 17:29:47'),(123,70,'[ALL OK]','2024-06-24 17:29:47','2024-06-24 17:29:47'),(124,70,'[RUNNING]','2024-06-24 17:30:08','2024-06-24 17:30:08'),(125,70,'[ALL OK]','2024-06-24 17:30:09','2024-06-24 17:30:09'),(126,70,'[RUNNING]','2024-06-24 17:30:09','2024-06-24 17:30:09'),(127,70,'[ALL OK]','2024-06-24 17:30:10','2024-06-24 17:30:10'),(128,70,'[RUNNING]','2024-06-24 17:30:10','2024-06-24 17:30:10'),(129,70,'[ALL OK]','2024-06-24 17:30:11','2024-06-24 17:30:11'),(130,70,'[RUNNING]','2024-06-24 17:30:11','2024-06-24 17:30:11'),(131,70,'[ALL OK]','2024-06-24 17:30:12','2024-06-24 17:30:12'),(132,70,'[RUNNING]','2024-06-24 17:30:12','2024-06-24 17:30:12'),(133,70,'[ALL OK]','2024-06-24 17:30:12','2024-06-24 17:30:12'),(134,70,'[RUNNING]','2024-06-24 17:30:13','2024-06-24 17:30:13'),(135,70,'[ALL OK]','2024-06-24 17:30:13','2024-06-24 17:30:13'),(136,70,'[RUNNING]','2024-06-24 17:30:14','2024-06-24 17:30:14'),(137,70,'[ALL OK]','2024-06-24 17:30:14','2024-06-24 17:30:14'),(138,70,'[RUNNING]','2024-06-24 17:30:14','2024-06-24 17:30:14'),(139,70,'[ALL OK]','2024-06-24 17:30:15','2024-06-24 17:30:15'),(140,70,'[RUNNING]','2024-06-24 17:30:39','2024-06-24 17:30:39'),(141,70,'[ALL OK]','2024-06-24 17:30:39','2024-06-24 17:30:39'),(142,70,'[RUNNING]','2024-06-24 17:30:39','2024-06-24 17:30:39'),(143,70,'[ALL OK]','2024-06-24 17:30:40','2024-06-24 17:30:40'),(144,70,'[RUNNING]','2024-06-24 17:30:40','2024-06-24 17:30:40'),(145,70,'[ALL OK]','2024-06-24 17:30:41','2024-06-24 17:30:41'),(146,70,'[RUNNING]','2024-06-24 17:30:41','2024-06-24 17:30:41'),(147,70,'[ALL OK]','2024-06-24 17:30:42','2024-06-24 17:30:42'),(148,70,'[RUNNING]','2024-06-24 17:30:42','2024-06-24 17:30:42'),(149,70,'[ALL OK]','2024-06-24 17:30:42','2024-06-24 17:30:42'),(150,70,'[RUNNING]','2024-06-24 17:30:43','2024-06-24 17:30:43'),(151,70,'[ALL OK]','2024-06-24 17:30:43','2024-06-24 17:30:43'),(152,70,'[RUNNING]','2024-06-24 17:30:43','2024-06-24 17:30:43'),(153,70,'[ALL OK]','2024-06-24 17:30:44','2024-06-24 17:30:44'),(154,70,'[RUNNING]','2024-06-24 17:30:44','2024-06-24 17:30:44'),(155,70,'[ALL OK]','2024-06-24 17:30:45','2024-06-24 17:30:45'),(156,70,'[RUNNING]','2024-06-24 17:30:45','2024-06-24 17:30:45'),(157,70,'[ALL OK]','2024-06-24 17:30:46','2024-06-24 17:30:46'),(158,70,'[RUNNING]','2024-06-24 17:30:46','2024-06-24 17:30:46'),(159,70,'[ALL OK]','2024-06-24 17:30:47','2024-06-24 17:30:47'),(160,70,'[RUNNING]','2024-06-24 17:30:47','2024-06-24 17:30:47'),(161,70,'[ALL OK]','2024-06-24 17:30:48','2024-06-24 17:30:48'),(162,70,'[RUNNING]','2024-06-24 17:30:48','2024-06-24 17:30:48'),(163,70,'[ALL OK]','2024-06-24 17:30:48','2024-06-24 17:30:48'),(164,70,'[RUNNING]','2024-06-24 17:31:02','2024-06-24 17:31:02'),(165,70,'[ALL OK]','2024-06-24 17:31:03','2024-06-24 17:31:03'),(166,70,'[RUNNING]','2024-06-24 17:31:03','2024-06-24 17:31:03'),(167,70,'[ALL OK]','2024-06-24 17:31:04','2024-06-24 17:31:04'),(168,70,'[RUNNING]','2024-06-24 17:31:04','2024-06-24 17:31:04'),(169,70,'[ALL OK]','2024-06-24 17:31:05','2024-06-24 17:31:05'),(170,70,'[RUNNING]','2024-06-24 17:31:05','2024-06-24 17:31:05'),(171,70,'[ALL OK]','2024-06-24 17:31:06','2024-06-24 17:31:06'),(172,70,'[RUNNING]','2024-06-24 17:31:23','2024-06-24 17:31:23'),(173,70,'[ALL OK]','2024-06-24 17:31:23','2024-06-24 17:31:23'),(174,70,'[RUNNING]','2024-06-24 17:31:24','2024-06-24 17:31:24'),(175,70,'[ALL OK]','2024-06-24 17:31:24','2024-06-24 17:31:24'),(176,70,'[RUNNING]','2024-06-24 17:31:25','2024-06-24 17:31:25'),(177,70,'[ALL OK]','2024-06-24 17:31:25','2024-06-24 17:31:25'),(178,70,'[RUNNING]','2024-06-24 17:31:25','2024-06-24 17:31:25'),(179,70,'[ALL OK]','2024-06-24 17:31:26','2024-06-24 17:31:26'),(180,70,'[RUNNING]','2024-06-24 17:31:26','2024-06-24 17:31:26'),(181,70,'[ALL OK]','2024-06-24 17:31:27','2024-06-24 17:31:27'),(182,70,'[RUNNING]','2024-06-24 17:31:27','2024-06-24 17:31:27'),(183,70,'[ALL OK]','2024-06-24 17:31:28','2024-06-24 17:31:28'),(184,70,'[RUNNING]','2024-06-24 17:31:28','2024-06-24 17:31:28'),(185,70,'[ALL OK]','2024-06-24 17:31:29','2024-06-24 17:31:29'),(186,70,'[RUNNING]','2024-06-24 17:31:29','2024-06-24 17:31:29'),(187,70,'[ALL OK]','2024-06-24 17:31:29','2024-06-24 17:31:29'),(188,70,'[RUNNING]','2024-06-24 17:31:30','2024-06-24 17:31:30'),(189,70,'[ALL OK]','2024-06-24 17:31:30','2024-06-24 17:31:30'),(190,70,'[RUNNING]','2024-06-24 17:31:31','2024-06-24 17:31:31'),(191,70,'[ALL OK]','2024-06-24 17:31:31','2024-06-24 17:31:31'),(192,70,'[RUNNING]','2024-06-24 17:31:32','2024-06-24 17:31:32'),(193,70,'[ALL OK]','2024-06-24 17:31:32','2024-06-24 17:31:32'),(194,70,'[RUNNING]','2024-06-24 17:31:32','2024-06-24 17:31:32'),(195,70,'[ALL OK]','2024-06-24 17:31:33','2024-06-24 17:31:33'),(196,70,'[RUNNING]','2024-06-24 17:31:33','2024-06-24 17:31:33'),(197,70,'[RUNNING]','2024-06-24 17:31:34','2024-06-24 17:31:34'),(198,70,'[ALL OK]','2024-06-24 17:31:34','2024-06-24 17:31:34'),(199,70,'[ALL OK]','2024-06-24 17:31:35','2024-06-24 17:31:35'),(200,70,'[RUNNING]','2024-06-24 17:31:35','2024-06-24 17:31:35'),(201,70,'[ALL OK]','2024-06-24 17:31:35','2024-06-24 17:31:35'),(202,70,'[RUNNING]','2024-06-24 17:31:36','2024-06-24 17:31:36'),(203,70,'[ALL OK]','2024-06-24 17:31:36','2024-06-24 17:31:36'),(204,70,'[RUNNING]','2024-06-24 17:31:37','2024-06-24 17:31:37'),(205,70,'[ALL OK]','2024-06-24 17:31:37','2024-06-24 17:31:37'),(206,70,'[RUNNING]','2024-06-24 17:58:00','2024-06-24 17:58:00'),(207,70,'[ALL OK]','2024-06-24 17:58:00','2024-06-24 17:58:00'),(208,70,'[RUNNING]','2024-06-24 17:58:01','2024-06-24 17:58:01'),(209,70,'[ALL OK]','2024-06-24 17:58:02','2024-06-24 17:58:02'),(210,70,'[RUNNING]','2024-06-24 17:58:02','2024-06-24 17:58:02'),(211,70,'[ALL OK]','2024-06-24 17:58:03','2024-06-24 17:58:03'),(212,70,'[RUNNING]','2024-06-24 17:59:36','2024-06-24 17:59:36'),(213,70,'[ALL OK]','2024-06-24 17:59:37','2024-06-24 17:59:37'),(214,70,'[RUNNING]','2024-06-24 17:59:37','2024-06-24 17:59:37'),(215,70,'[ALL OK]','2024-06-24 17:59:38','2024-06-24 17:59:38'),(216,70,'[RUNNING]','2024-06-24 17:59:38','2024-06-24 17:59:38'),(217,70,'[ALL OK]','2024-06-24 17:59:38','2024-06-24 17:59:38'),(218,70,'[RUNNING]','2024-06-24 17:59:39','2024-06-24 17:59:39'),(219,70,'[ALL OK]','2024-06-24 17:59:40','2024-06-24 17:59:40'),(220,70,'[RUNNING]','2024-06-24 17:59:40','2024-06-24 17:59:40'),(221,70,'[ALL OK]','2024-06-24 17:59:40','2024-06-24 17:59:40'),(222,70,'[RUNNING]','2024-06-24 17:59:41','2024-06-24 17:59:41'),(223,70,'[ALL OK]','2024-06-24 17:59:41','2024-06-24 17:59:41'),(224,70,'[RUNNING]','2024-06-24 18:00:55','2024-06-24 18:00:55'),(225,70,'[ALL OK]','2024-06-24 18:00:56','2024-06-24 18:00:56'),(226,70,'[RUNNING]','2024-06-24 18:00:56','2024-06-24 18:00:56'),(227,70,'[ALL OK]','2024-06-24 18:00:57','2024-06-24 18:00:57'),(228,70,'[RUNNING]','2024-06-24 18:00:57','2024-06-24 18:00:57'),(229,70,'[ALL OK]','2024-06-24 18:00:58','2024-06-24 18:00:58'),(230,70,'[RUNNING]','2024-06-24 18:00:58','2024-06-24 18:00:58'),(231,70,'[ALL OK]','2024-06-24 18:00:58','2024-06-24 18:00:58'),(232,70,'[RUNNING]','2024-06-24 18:01:44','2024-06-24 18:01:44'),(233,70,'[ALL OK]','2024-06-24 18:01:44','2024-06-24 18:01:44'),(234,70,'[RUNNING]','2024-06-24 18:01:52','2024-06-24 18:01:52'),(235,70,'[ALL OK]','2024-06-24 18:01:53','2024-06-24 18:01:53'),(236,70,'[RUNNING]','2024-06-24 18:03:44','2024-06-24 18:03:44'),(237,70,'[ALL OK]','2024-06-24 18:03:44','2024-06-24 18:03:44'),(238,70,'[RUNNING]','2024-06-24 18:03:45','2024-06-24 18:03:45'),(239,70,'[ALL OK]','2024-06-24 18:03:46','2024-06-24 18:03:46'),(240,70,'[RUNNING]','2024-06-24 18:03:47','2024-06-24 18:03:47'),(241,70,'[ALL OK]','2024-06-24 18:03:47','2024-06-24 18:03:47'),(242,70,'[RUNNING]','2024-06-24 18:03:48','2024-06-24 18:03:48'),(243,70,'[ALL OK]','2024-06-24 18:03:48','2024-06-24 18:03:48'),(244,70,'[RUNNING]','2024-06-24 18:03:49','2024-06-24 18:03:49'),(245,70,'[ALL OK]','2024-06-24 18:03:49','2024-06-24 18:03:49'),(246,70,'[RUNNING]','2024-06-24 18:07:24','2024-06-24 18:07:24'),(247,70,'[ALL OK]','2024-06-24 18:07:24','2024-06-24 18:07:24'),(248,70,'[RUNNING]','2024-06-24 18:07:25','2024-06-24 18:07:25'),(249,70,'[ALL OK]','2024-06-24 18:07:26','2024-06-24 18:07:26'),(250,70,'[RUNNING]','2024-06-24 18:07:26','2024-06-24 18:07:26'),(251,70,'[ALL OK]','2024-06-24 18:07:27','2024-06-24 18:07:27'),(252,70,'[RUNNING]','2024-06-24 18:07:27','2024-06-24 18:07:27'),(253,70,'[ALL OK]','2024-06-24 18:07:28','2024-06-24 18:07:28'),(254,70,'[RUNNING]','2024-06-24 18:11:40','2024-06-24 18:11:40'),(255,70,'[ALL OK]','2024-06-24 18:11:41','2024-06-24 18:11:41'),(260,70,'[RUNNING]','2024-06-24 18:38:30','2024-06-24 18:38:30'),(261,70,'[ALL OK]','2024-06-24 18:38:30','2024-06-24 18:38:30'),(262,70,'[RUNNING]','2024-06-24 18:41:46','2024-06-24 18:41:46'),(263,70,'[ALL OK]','2024-06-24 18:41:47','2024-06-24 18:41:47'),(264,70,'[RUNNING]','2024-06-24 18:43:22','2024-06-24 18:43:22'),(265,70,'[ALL OK]','2024-06-24 18:43:23','2024-06-24 18:43:23'),(266,70,'[RUNNING]','2024-06-24 18:43:25','2024-06-24 18:43:25'),(267,70,'[ALL OK]','2024-06-24 18:43:25','2024-06-24 18:43:25'),(268,70,'[RUNNING]','2024-06-24 18:43:27','2024-06-24 18:43:27'),(269,70,'[ALL OK]','2024-06-24 18:43:27','2024-06-24 18:43:27'),(270,70,'[RUNNING]','2024-06-24 18:43:29','2024-06-24 18:43:29'),(271,70,'[ALL OK]','2024-06-24 18:43:30','2024-06-24 18:43:30'),(272,70,'[RUNNING]','2024-06-24 18:43:32','2024-06-24 18:43:32'),(273,70,'[ALL OK]','2024-06-24 18:43:32','2024-06-24 18:43:32'),(274,70,'[RUNNING]','2024-06-24 18:43:34','2024-06-24 18:43:34'),(275,70,'[ALL OK]','2024-06-24 18:43:34','2024-06-24 18:43:34'),(276,70,'[RUNNING]','2024-06-24 18:43:36','2024-06-24 18:43:36'),(277,70,'[ALL OK]','2024-06-24 18:43:36','2024-06-24 18:43:36'),(278,70,'[RUNNING]','2024-06-24 18:43:39','2024-06-24 18:43:39'),(279,70,'[ALL OK]','2024-06-24 18:43:39','2024-06-24 18:43:39'),(280,70,'[RUNNING]','2024-06-24 18:43:41','2024-06-24 18:43:41'),(281,70,'[ALL OK]','2024-06-24 18:43:41','2024-06-24 18:43:41'),(282,70,'[RUNNING]','2024-06-24 18:43:45','2024-06-24 18:43:45'),(283,70,'[ALL OK]','2024-06-24 18:43:46','2024-06-24 18:43:46'),(284,70,'[RUNNING]','2024-06-24 18:43:47','2024-06-24 18:43:47'),(285,70,'[ALL OK]','2024-06-24 18:43:47','2024-06-24 18:43:47'),(286,70,'[RUNNING]','2024-06-24 18:43:52','2024-06-24 18:43:52'),(287,70,'[ALL OK]','2024-06-24 18:43:52','2024-06-24 18:43:52'),(288,70,'[RUNNING]','2024-06-24 18:43:54','2024-06-24 18:43:54'),(289,70,'[ALL OK]','2024-06-24 18:43:54','2024-06-24 18:43:54'),(290,70,'[RUNNING]','2024-06-24 18:43:55','2024-06-24 18:43:55'),(291,70,'[ALL OK]','2024-06-24 18:43:56','2024-06-24 18:43:56'),(292,70,'[RUNNING]','2024-06-24 18:43:57','2024-06-24 18:43:57'),(293,70,'[ALL OK]','2024-06-24 18:43:58','2024-06-24 18:43:58'),(294,70,'[RUNNING]','2024-06-24 18:44:01','2024-06-24 18:44:01'),(295,70,'[ALL OK]','2024-06-24 18:44:01','2024-06-24 18:44:01'),(296,70,'[RUNNING]','2024-06-24 18:44:11','2024-06-24 18:44:11'),(297,70,'[ALL OK]','2024-06-24 18:44:12','2024-06-24 18:44:12'),(298,70,'[RUNNING]','2024-06-24 18:44:13','2024-06-24 18:44:13'),(299,70,'[ALL OK]','2024-06-24 18:44:14','2024-06-24 18:44:14'),(300,70,'[RUNNING]','2024-06-24 18:44:15','2024-06-24 18:44:15'),(301,70,'[ALL OK]','2024-06-24 18:44:16','2024-06-24 18:44:16'),(302,70,'[RUNNING]','2024-06-24 18:44:17','2024-06-24 18:44:17'),(303,70,'[ALL OK]','2024-06-24 18:44:17','2024-06-24 18:44:17'),(304,70,'[RUNNING]','2024-06-24 18:44:19','2024-06-24 18:44:19'),(305,70,'[ALL OK]','2024-06-24 18:44:19','2024-06-24 18:44:19'),(306,70,'[RUNNING]','2024-06-24 18:44:21','2024-06-24 18:44:21'),(307,70,'[ALL OK]','2024-06-24 18:44:21','2024-06-24 18:44:21'),(308,70,'[RUNNING]','2024-06-24 18:44:23','2024-06-24 18:44:23'),(309,70,'[ALL OK]','2024-06-24 18:44:24','2024-06-24 18:44:24'),(310,70,'[RUNNING]','2024-06-24 18:44:25','2024-06-24 18:44:25'),(311,70,'[ALL OK]','2024-06-24 18:44:26','2024-06-24 18:44:26'),(312,70,'[RUNNING]','2024-06-24 18:45:05','2024-06-24 18:45:05'),(313,70,'[ALL OK]','2024-06-24 18:45:05','2024-06-24 18:45:05'),(314,70,'[RUNNING]','2024-06-24 18:45:08','2024-06-24 18:45:08'),(315,70,'[ALL OK]','2024-06-24 18:45:09','2024-06-24 18:45:09'),(316,70,'[RUNNING]','2024-06-24 18:45:11','2024-06-24 18:45:11'),(317,70,'[ALL OK]','2024-06-24 18:45:11','2024-06-24 18:45:11'),(318,70,'[RUNNING]','2024-06-24 18:45:13','2024-06-24 18:45:13'),(319,70,'[ALL OK]','2024-06-24 18:45:13','2024-06-24 18:45:13'),(320,70,'[RUNNING]','2024-06-24 18:45:15','2024-06-24 18:45:15'),(321,70,'[ALL OK]','2024-06-24 18:45:15','2024-06-24 18:45:15'),(322,70,'[RUNNING]','2024-06-24 18:45:17','2024-06-24 18:45:17'),(323,70,'[ALL OK]','2024-06-24 18:45:17','2024-06-24 18:45:17'),(324,70,'[RUNNING]','2024-06-24 18:45:18','2024-06-24 18:45:18'),(325,70,'[ALL OK]','2024-06-24 18:45:19','2024-06-24 18:45:19'),(326,70,'[RUNNING]','2024-06-24 18:45:45','2024-06-24 18:45:45'),(327,70,'[ALL OK]','2024-06-24 18:45:45','2024-06-24 18:45:45'),(328,70,'[RUNNING]','2024-06-24 18:45:47','2024-06-24 18:45:47'),(329,70,'[ALL OK]','2024-06-24 18:45:47','2024-06-24 18:45:47'),(330,70,'[RUNNING]','2024-06-24 18:46:28','2024-06-24 18:46:28'),(331,70,'[ALL OK]','2024-06-24 18:46:29','2024-06-24 18:46:29'),(332,70,'[RUNNING]','2024-06-24 18:47:10','2024-06-24 18:47:10'),(333,70,'[ALL OK]','2024-06-24 18:47:10','2024-06-24 18:47:10'),(334,70,'[RUNNING]','2024-06-24 18:48:10','2024-06-24 18:48:10'),(335,70,'[ALL OK]','2024-06-24 18:48:11','2024-06-24 18:48:11'),(336,70,'[RUNNING]','2024-06-24 18:48:14','2024-06-24 18:48:14'),(337,70,'[ALL OK]','2024-06-24 18:48:14','2024-06-24 18:48:14'),(338,70,'[RUNNING]','2024-06-24 18:48:16','2024-06-24 18:48:16'),(339,70,'[RUNNING]','2024-06-24 18:48:17','2024-06-24 18:48:17'),(340,70,'[RUNNING]','2024-06-24 18:48:17','2024-06-24 18:48:17'),(341,70,'[RUNNING]','2024-06-24 18:48:17','2024-06-24 18:48:17'),(342,70,'[ALL OK]','2024-06-24 18:48:17','2024-06-24 18:48:17'),(343,70,'[RUNNING]','2024-06-24 18:48:17','2024-06-24 18:48:17'),(344,70,'[ALL OK]','2024-06-24 18:48:17','2024-06-24 18:48:17'),(345,70,'[FINISHED WITH ERRORS]','2024-06-24 18:48:17','2024-06-24 18:48:17'),(346,70,'[FINISHED WITH ERRORS]','2024-06-24 18:48:17','2024-06-24 18:48:17'),(347,70,'[FINISHED WITH ERRORS]','2024-06-24 18:48:17','2024-06-24 18:48:17'),(348,70,'[RUNNING]','2024-06-24 18:48:56','2024-06-24 18:48:56'),(349,70,'[ALL OK]','2024-06-24 18:49:02','2024-06-24 18:49:02'),(350,70,'[RUNNING]','2024-06-24 18:51:53','2024-06-24 18:51:53'),(351,70,'[ALL OK]','2024-06-24 18:51:59','2024-06-24 18:51:59'),(352,70,'[RUNNING]','2024-06-24 18:52:43','2024-06-24 18:52:43'),(353,70,'[ALL OK]','2024-06-24 18:52:49','2024-06-24 18:52:49'),(354,70,'[RUNNING]','2024-06-24 18:53:32','2024-06-24 18:53:32'),(355,70,'[ALL OK]','2024-06-24 18:53:38','2024-06-24 18:53:38'),(356,70,'[RUNNING]','2024-06-24 18:53:45','2024-06-24 18:53:45'),(357,70,'[ALL OK]','2024-06-24 18:53:45','2024-06-24 18:53:45'),(358,70,'[RUNNING]','2024-06-24 18:53:47','2024-06-24 18:53:47'),(359,70,'[ALL OK]','2024-06-24 18:53:47','2024-06-24 18:53:47'),(360,70,'[RUNNING]','2024-06-24 18:53:49','2024-06-24 18:53:49'),(361,70,'[ALL OK]','2024-06-24 18:53:49','2024-06-24 18:53:49'),(362,70,'[RUNNING]','2024-06-24 18:53:51','2024-06-24 18:53:51'),(363,70,'[ALL OK]','2024-06-24 18:53:52','2024-06-24 18:53:52'),(364,70,'[RUNNING]','2024-06-24 18:56:09','2024-06-24 18:56:09'),(365,70,'[ALL OK]','2024-06-24 18:56:10','2024-06-24 18:56:10'),(366,70,'[RUNNING]','2024-06-24 18:56:17','2024-06-24 18:56:17'),(367,70,'[ALL OK]','2024-06-24 18:56:18','2024-06-24 18:56:18'),(368,70,'[RUNNING]','2024-06-24 18:56:44','2024-06-24 18:56:44'),(369,70,'[ALL OK]','2024-06-24 18:56:44','2024-06-24 18:56:44'),(370,70,'[RUNNING]','2024-06-24 18:56:46','2024-06-24 18:56:46'),(371,70,'[ALL OK]','2024-06-24 18:56:46','2024-06-24 18:56:46'),(372,70,'[RUNNING]','2024-06-24 18:56:47','2024-06-24 18:56:47'),(373,70,'[ALL OK]','2024-06-24 18:56:48','2024-06-24 18:56:48'),(374,70,'[RUNNING]','2024-06-24 18:57:06','2024-06-24 18:57:06'),(375,70,'[ALL OK]','2024-06-24 18:57:07','2024-06-24 18:57:07'),(376,70,'[RUNNING]','2024-06-24 18:57:26','2024-06-24 18:57:26'),(377,70,'[ALL OK]','2024-06-24 18:57:27','2024-06-24 18:57:27'),(378,70,'[RUNNING]','2024-06-24 18:57:28','2024-06-24 18:57:28'),(379,70,'[ALL OK]','2024-06-24 18:57:29','2024-06-24 18:57:29'),(380,70,'[RUNNING]','2024-06-24 18:57:37','2024-06-24 18:57:37'),(381,70,'[ALL OK]','2024-06-24 18:57:37','2024-06-24 18:57:37'),(382,70,'[RUNNING]','2024-06-24 18:57:38','2024-06-24 18:57:38'),(383,70,'[ALL OK]','2024-06-24 18:57:39','2024-06-24 18:57:39'),(384,70,'[RUNNING]','2024-06-24 18:58:17','2024-06-24 18:58:17'),(385,70,'[ALL OK]','2024-06-24 18:58:17','2024-06-24 18:58:17'),(386,70,'[RUNNING]','2024-06-24 18:58:19','2024-06-24 18:58:19'),(387,70,'[ALL OK]','2024-06-24 18:58:20','2024-06-24 18:58:20'),(388,70,'[RUNNING]','2024-06-24 19:04:40','2024-06-24 19:04:40'),(389,70,'[FINISHED WITH ERRORS]','2024-06-24 19:04:43','2024-06-24 19:04:43'),(390,70,'[RUNNING]','2024-06-24 19:04:51','2024-06-24 19:04:51'),(391,70,'[FINISHED WITH ERRORS]','2024-06-24 19:04:51','2024-06-24 19:04:51'),(392,70,'[RUNNING]','2024-06-24 19:04:53','2024-06-24 19:04:53'),(393,70,'[FINISHED WITH ERRORS]','2024-06-24 19:04:53','2024-06-24 19:04:53'),(394,70,'[RUNNING]','2024-06-24 19:04:59','2024-06-24 19:04:59'),(395,70,'[FINISHED WITH ERRORS]','2024-06-24 19:04:59','2024-06-24 19:04:59'),(396,70,'[RUNNING]','2024-06-24 19:05:18','2024-06-24 19:05:18'),(397,70,'[FINISHED WITH ERRORS]','2024-06-24 19:05:34','2024-06-24 19:05:34'),(398,70,'[RUNNING]','2024-06-24 19:05:50','2024-06-24 19:05:50'),(399,70,'[FINISHED WITH ERRORS]','2024-06-24 19:05:50','2024-06-24 19:05:50'),(400,70,'[RUNNING]','2024-06-24 19:05:51','2024-06-24 19:05:51'),(401,70,'[FINISHED WITH ERRORS]','2024-06-24 19:05:51','2024-06-24 19:05:51'),(402,70,'[RUNNING]','2024-06-24 19:05:52','2024-06-24 19:05:52'),(403,70,'[FINISHED WITH ERRORS]','2024-06-24 19:05:52','2024-06-24 19:05:52'),(404,70,'[RUNNING]','2024-06-24 19:05:53','2024-06-24 19:05:53'),(405,70,'[FINISHED WITH ERRORS]','2024-06-24 19:05:53','2024-06-24 19:05:53'),(406,70,'[RUNNING]','2024-06-24 19:05:54','2024-06-24 19:05:54'),(407,70,'[FINISHED WITH ERRORS]','2024-06-24 19:05:54','2024-06-24 19:05:54'),(408,70,'[RUNNING]','2024-06-24 19:05:54','2024-06-24 19:05:54'),(409,70,'[FINISHED WITH ERRORS]','2024-06-24 19:05:54','2024-06-24 19:05:54'),(410,70,'[RUNNING]','2024-06-24 19:05:54','2024-06-24 19:05:54'),(411,70,'[FINISHED WITH ERRORS]','2024-06-24 19:05:54','2024-06-24 19:05:54'),(412,70,'[RUNNING]','2024-06-24 19:05:54','2024-06-24 19:05:54'),(413,70,'[FINISHED WITH ERRORS]','2024-06-24 19:05:54','2024-06-24 19:05:54'),(414,70,'[RUNNING]','2024-06-24 19:05:55','2024-06-24 19:05:55'),(415,70,'[FINISHED WITH ERRORS]','2024-06-24 19:05:55','2024-06-24 19:05:55'),(416,70,'[RUNNING]','2024-06-24 19:05:55','2024-06-24 19:05:55'),(417,70,'[FINISHED WITH ERRORS]','2024-06-24 19:05:55','2024-06-24 19:05:55'),(418,70,'[RUNNING]','2024-06-24 19:05:55','2024-06-24 19:05:55'),(419,70,'[FINISHED WITH ERRORS]','2024-06-24 19:05:55','2024-06-24 19:05:55'),(420,70,'[RUNNING]','2024-06-24 19:05:55','2024-06-24 19:05:55'),(421,70,'[FINISHED WITH ERRORS]','2024-06-24 19:05:55','2024-06-24 19:05:55'),(422,70,'[RUNNING]','2024-06-24 19:05:55','2024-06-24 19:05:55'),(423,70,'[FINISHED WITH ERRORS]','2024-06-24 19:05:55','2024-06-24 19:05:55'),(424,70,'[RUNNING]','2024-06-24 19:05:55','2024-06-24 19:05:55'),(425,70,'[FINISHED WITH ERRORS]','2024-06-24 19:05:55','2024-06-24 19:05:55'),(426,70,'[RUNNING]','2024-06-24 19:06:16','2024-06-24 19:06:16'),(427,70,'[FINISHED WITH ERRORS]','2024-06-24 19:06:16','2024-06-24 19:06:16'),(428,70,'[RUNNING]','2024-06-24 19:06:17','2024-06-24 19:06:17'),(429,70,'[FINISHED WITH ERRORS]','2024-06-24 19:06:17','2024-06-24 19:06:17'),(430,70,'[RUNNING]','2024-06-24 19:06:18','2024-06-24 19:06:18'),(431,70,'[FINISHED WITH ERRORS]','2024-06-24 19:06:18','2024-06-24 19:06:18'),(432,70,'[RUNNING]','2024-06-24 19:06:27','2024-06-24 19:06:27'),(433,70,'[FINISHED WITH ERRORS]','2024-06-24 19:06:27','2024-06-24 19:06:27'),(434,70,'[RUNNING]','2024-06-24 19:06:35','2024-06-24 19:06:35'),(435,70,'[FINISHED WITH ERRORS]','2024-06-24 19:06:41','2024-06-24 19:06:41'),(436,70,'[RUNNING]','2024-06-24 19:07:26','2024-06-24 19:07:26'),(437,70,'[FINISHED WITH ERRORS]','2024-06-24 19:07:27','2024-06-24 19:07:27'),(438,70,'[RUNNING]','2024-06-24 19:07:28','2024-06-24 19:07:28'),(439,70,'[FINISHED WITH ERRORS]','2024-06-24 19:07:29','2024-06-24 19:07:29'),(440,70,'[RUNNING]','2024-06-24 19:07:44','2024-06-24 19:07:44'),(441,70,'[FINISHED WITH ERRORS]','2024-06-24 19:07:44','2024-06-24 19:07:44'),(442,70,'[RUNNING]','2024-06-24 19:07:56','2024-06-24 19:07:56'),(443,70,'[FINISHED WITH ERRORS]','2024-06-24 19:07:56','2024-06-24 19:07:56'),(444,70,'[RUNNING]','2024-06-24 19:08:07','2024-06-24 19:08:07'),(445,70,'[FINISHED WITH ERRORS]','2024-06-24 19:08:07','2024-06-24 19:08:07'),(446,70,'[RUNNING]','2024-06-24 19:08:59','2024-06-24 19:08:59'),(447,70,'[ALL OK]','2024-06-24 19:09:00','2024-06-24 19:09:00'),(448,70,'[RUNNING]','2024-06-24 19:09:05','2024-06-24 19:09:05'),(449,70,'[ALL OK]','2024-06-24 19:09:05','2024-06-24 19:09:05'),(450,70,'[RUNNING]','2024-06-24 19:09:07','2024-06-24 19:09:07'),(451,70,'[ALL OK]','2024-06-24 19:09:07','2024-06-24 19:09:07'),(452,70,'[RUNNING]','2024-06-24 19:09:13','2024-06-24 19:09:13'),(453,70,'[FINISHED WITH ERRORS]','2024-06-24 19:09:21','2024-06-24 19:09:21'),(454,70,'[RUNNING]','2024-06-24 19:09:32','2024-06-24 19:09:32'),(455,70,'[FINISHED WITH ERRORS]','2024-06-24 19:09:42','2024-06-24 19:09:42'),(456,70,'[RUNNING]','2024-06-25 15:18:12','2024-06-25 15:18:12'),(457,70,'[RUNNING]','2024-06-25 15:18:12','2024-06-25 15:18:12'),(458,70,'[RUNNING]','2024-06-25 15:18:12','2024-06-25 15:18:12'),(459,70,'[NOT OK]','2024-06-25 15:18:12','2024-06-25 15:18:12'),(460,70,'[RUNNING]','2024-06-25 15:18:20','2024-06-25 15:18:20'),(461,70,'[RUNNING]','2024-06-25 15:18:20','2024-06-25 15:18:20'),(462,70,'[RUNNING]','2024-06-25 15:18:20','2024-06-25 15:18:20'),(463,70,'[NOT OK]','2024-06-25 15:18:20','2024-06-25 15:18:20'),(464,70,'[RUNNING]','2024-06-25 15:18:22','2024-06-25 15:18:22'),(465,70,'[RUNNING]','2024-06-25 15:18:22','2024-06-25 15:18:22'),(466,70,'[RUNNING]','2024-06-25 15:18:22','2024-06-25 15:18:22'),(467,70,'[NOT OK]','2024-06-25 15:18:22','2024-06-25 15:18:22'),(468,70,'[RUNNING]','2024-06-25 15:18:22','2024-06-25 15:18:22'),(469,70,'[RUNNING]','2024-06-25 15:18:22','2024-06-25 15:18:22'),(470,70,'[RUNNING]','2024-06-25 15:18:22','2024-06-25 15:18:22'),(471,70,'[NOT OK]','2024-06-25 15:18:22','2024-06-25 15:18:22'),(472,70,'[RUNNING]','2024-06-25 15:18:23','2024-06-25 15:18:23'),(473,70,'[RUNNING]','2024-06-25 15:18:23','2024-06-25 15:18:23'),(474,70,'[RUNNING]','2024-06-25 15:18:23','2024-06-25 15:18:23'),(475,70,'[NOT OK]','2024-06-25 15:18:23','2024-06-25 15:18:23'),(476,70,'[RUNNING]','2024-06-25 15:18:23','2024-06-25 15:18:23'),(477,70,'[RUNNING]','2024-06-25 15:18:23','2024-06-25 15:18:23'),(478,70,'[RUNNING]','2024-06-25 15:18:23','2024-06-25 15:18:23'),(479,70,'[NOT OK]','2024-06-25 15:18:23','2024-06-25 15:18:23'),(480,70,'[RUNNING]','2024-06-25 15:18:24','2024-06-25 15:18:24'),(481,70,'[RUNNING]','2024-06-25 15:18:24','2024-06-25 15:18:24'),(482,70,'[RUNNING]','2024-06-25 15:18:24','2024-06-25 15:18:24'),(483,70,'[NOT OK]','2024-06-25 15:18:24','2024-06-25 15:18:24'),(484,70,'[RUNNING]','2024-06-25 15:18:29','2024-06-25 15:18:29'),(485,70,'[RUNNING]','2024-06-25 15:18:29','2024-06-25 15:18:29'),(486,70,'[NOT OK]','2024-06-25 15:18:29','2024-06-25 15:18:29'),(487,70,'[RUNNING]','2024-06-25 15:18:33','2024-06-25 15:18:33'),(488,70,'[RUNNING]','2024-06-25 15:18:33','2024-06-25 15:18:33'),(489,70,'[NOT OK]','2024-06-25 15:18:33','2024-06-25 15:18:33'),(490,70,'[RUNNING]','2024-06-25 15:18:35','2024-06-25 15:18:35'),(491,70,'[RUNNING]','2024-06-25 15:18:35','2024-06-25 15:18:35'),(492,70,'[NOT OK]','2024-06-25 15:18:35','2024-06-25 15:18:35'),(493,70,'[RUNNING]','2024-06-25 15:18:36','2024-06-25 15:18:36'),(494,70,'[RUNNING]','2024-06-25 15:18:36','2024-06-25 15:18:36'),(495,70,'[NOT OK]','2024-06-25 15:18:36','2024-06-25 15:18:36'),(496,70,'[RUNNING]','2024-06-25 15:18:42','2024-06-25 15:18:42'),(497,70,'[NOT OK]','2024-06-25 15:18:42','2024-06-25 15:18:42'),(498,70,'[RUNNING]','2024-06-25 15:18:47','2024-06-25 15:18:47'),(499,70,'[RUNNING]','2024-06-25 15:18:47','2024-06-25 15:18:47'),(500,70,'[NOT OK]','2024-06-25 15:18:47','2024-06-25 15:18:47'),(501,70,'[RUNNING]','2024-06-25 15:18:50','2024-06-25 15:18:50'),(502,70,'[RUNNING]','2024-06-25 15:18:50','2024-06-25 15:18:50'),(503,70,'[RUNNING]','2024-06-25 15:18:50','2024-06-25 15:18:50'),(504,70,'[NOT OK]','2024-06-25 15:18:50','2024-06-25 15:18:50'),(505,70,'[RUNNING]','2024-06-25 15:18:54','2024-06-25 15:18:54'),(506,70,'[RUNNING]','2024-06-25 15:18:54','2024-06-25 15:18:54'),(507,70,'[RUNNING]','2024-06-25 15:18:54','2024-06-25 15:18:54'),(508,70,'[RUNNING]','2024-06-25 15:18:54','2024-06-25 15:18:54'),(509,70,'[NOT OK]','2024-06-25 15:18:54','2024-06-25 15:18:54'),(510,70,'[RUNNING]','2024-06-25 15:27:53','2024-06-25 15:27:53'),(511,70,'[RUNNING]','2024-06-25 15:27:53','2024-06-25 15:27:53'),(512,70,'[RUNNING]','2024-06-25 15:27:53','2024-06-25 15:27:53'),(513,70,'[RUNNING]','2024-06-25 15:27:53','2024-06-25 15:27:53'),(514,70,'[NOT OK]','2024-06-25 15:27:53','2024-06-25 15:27:53'),(515,70,'[RUNNING]','2024-06-25 15:30:52','2024-06-25 15:30:52'),(516,70,'[RUNNING]','2024-06-25 15:30:52','2024-06-25 15:30:52'),(517,70,'[RUNNING]','2024-06-25 15:30:52','2024-06-25 15:30:52'),(518,70,'[RUNNING]','2024-06-25 15:30:52','2024-06-25 15:30:52'),(519,70,'[NOT OK]','2024-06-25 15:30:52','2024-06-25 15:30:52'),(520,70,'[RUNNING]','2024-06-25 15:36:42','2024-06-25 15:36:42'),(521,70,'[RUNNING]','2024-06-25 15:36:42','2024-06-25 15:36:42'),(522,70,'[RUNNING]','2024-06-25 15:36:42','2024-06-25 15:36:42'),(523,70,'[RUNNING]','2024-06-25 15:36:42','2024-06-25 15:36:42'),(524,70,'[NOT OK]','2024-06-25 15:36:42','2024-06-25 15:36:42'),(525,70,'[RUNNING]','2024-06-25 15:40:43','2024-06-25 15:40:43'),(526,70,'[ALL OK]','2024-06-25 15:40:44','2024-06-25 15:40:44'),(527,70,'[RUNNING]','2024-06-25 15:42:10','2024-06-25 15:42:10'),(528,70,'[ALL OK]','2024-06-25 15:42:11','2024-06-25 15:42:11'),(529,70,'[RUNNING]','2024-06-25 15:43:02','2024-06-25 15:43:02'),(530,70,'[ALL OK]','2024-06-25 15:43:03','2024-06-25 15:43:03'),(531,70,'[RUNNING]','2024-06-25 15:45:16','2024-06-25 15:45:16'),(532,70,'[ALL OK]','2024-06-25 15:45:17','2024-06-25 15:45:17'),(533,70,'[RUNNING]','2024-06-25 15:45:21','2024-06-25 15:45:21'),(534,70,'[ALL OK]','2024-06-25 15:45:22','2024-06-25 15:45:22'),(553,70,'[RUNNING]','2024-06-26 11:13:45','2024-06-26 11:13:45'),(554,70,'[ALL OK]','2024-06-26 11:13:46','2024-06-26 11:13:46'),(555,70,'[RUNNING]','2024-06-26 11:15:09','2024-06-26 11:15:09'),(556,70,'[ALL OK]','2024-06-26 11:15:10','2024-06-26 11:15:10'),(557,70,'[RUNNING]','2024-06-26 11:15:11','2024-06-26 11:15:11'),(558,70,'[ALL OK]','2024-06-26 11:15:12','2024-06-26 11:15:12'),(559,70,'[RUNNING]','2024-06-26 11:15:13','2024-06-26 11:15:13'),(560,70,'[ALL OK]','2024-06-26 11:15:14','2024-06-26 11:15:14'),(561,70,'[RUNNING]','2024-06-26 11:15:15','2024-06-26 11:15:15'),(562,70,'[ALL OK]','2024-06-26 11:15:16','2024-06-26 11:15:16'),(563,70,'[RUNNING]','2024-06-26 11:15:17','2024-06-26 11:15:17'),(564,70,'[ALL OK]','2024-06-26 11:15:18','2024-06-26 11:15:18'),(565,70,'[RUNNING]','2024-06-26 11:15:27','2024-06-26 11:15:27'),(566,70,'[ALL OK]','2024-06-26 11:15:28','2024-06-26 11:15:28'),(567,70,'[RUNNING]','2024-06-26 11:15:29','2024-06-26 11:15:29'),(568,70,'[ALL OK]','2024-06-26 11:15:30','2024-06-26 11:15:30'),(569,70,'[RUNNING]','2024-06-26 11:15:31','2024-06-26 11:15:31'),(570,70,'[ALL OK]','2024-06-26 11:15:31','2024-06-26 11:15:31'),(571,70,'[RUNNING]','2024-06-26 12:06:39','2024-06-26 12:06:39'),(572,70,'[FINISHED WITH ERRORS]','2024-06-26 12:06:39','2024-06-26 12:06:39'),(573,70,'[RUNNING]','2024-06-26 12:07:49','2024-06-26 12:07:49'),(574,70,'[FINISHED WITH ERRORS]','2024-06-26 12:07:50','2024-06-26 12:07:50'),(575,70,'[RUNNING]','2024-06-26 12:08:39','2024-06-26 12:08:39'),(576,70,'[FINISHED WITH ERRORS]','2024-06-26 12:08:40','2024-06-26 12:08:40'),(577,70,'[RUNNING]','2024-06-26 12:09:17','2024-06-26 12:09:17'),(578,70,'[FINISHED WITH ERRORS]','2024-06-26 12:09:18','2024-06-26 12:09:18'),(579,70,'[RUNNING]','2024-06-26 12:10:43','2024-06-26 12:10:43'),(580,70,'[FINISHED WITH ERRORS]','2024-06-26 12:10:43','2024-06-26 12:10:43'),(581,70,'[RUNNING]','2024-06-26 12:12:02','2024-06-26 12:12:02'),(582,70,'[ALL OK]','2024-06-26 12:12:03','2024-06-26 12:12:03'),(583,70,'[RUNNING]','2024-06-26 12:13:59','2024-06-26 12:13:59'),(584,70,'[ALL OK]','2024-06-26 12:14:00','2024-06-26 12:14:00'),(585,70,'[RUNNING]','2024-06-26 12:14:03','2024-06-26 12:14:03'),(586,70,'[ALL OK]','2024-06-26 12:14:04','2024-06-26 12:14:04'),(587,70,'[RUNNING]','2024-06-26 12:14:08','2024-06-26 12:14:08'),(588,70,'[ALL OK]','2024-06-26 12:14:09','2024-06-26 12:14:09'),(589,70,'[RUNNING]','2024-06-26 12:15:37','2024-06-26 12:15:37'),(590,70,'[ALL OK]','2024-06-26 12:15:38','2024-06-26 12:15:38'),(591,70,'[RUNNING]','2024-06-26 12:19:37','2024-06-26 12:19:37'),(592,70,'[ALL OK]','2024-06-26 12:19:38','2024-06-26 12:19:38'),(593,70,'[RUNNING]','2024-06-26 12:20:11','2024-06-26 12:20:11'),(594,70,'[FINISHED WITH ERRORS]','2024-06-26 12:20:11','2024-06-26 12:20:11'),(595,70,'[RUNNING]','2024-06-26 12:20:18','2024-06-26 12:20:18'),(596,70,'[FINISHED WITH ERRORS]','2024-06-26 12:20:19','2024-06-26 12:20:19'),(597,70,'[RUNNING]','2024-06-26 12:20:22','2024-06-26 12:20:22'),(598,70,'[FINISHED WITH ERRORS]','2024-06-26 12:20:23','2024-06-26 12:20:23'),(599,70,'[RUNNING]','2024-06-26 12:20:46','2024-06-26 12:20:46'),(600,70,'[FINISHED WITH ERRORS]','2024-06-26 12:20:47','2024-06-26 12:20:47'),(601,70,'[RUNNING]','2024-06-26 12:20:50','2024-06-26 12:20:50'),(602,70,'[FINISHED WITH ERRORS]','2024-06-26 12:20:51','2024-06-26 12:20:51'),(603,70,'[RUNNING]','2024-06-26 12:21:07','2024-06-26 12:21:07'),(604,70,'[FINISHED WITH ERRORS]','2024-06-26 12:21:08','2024-06-26 12:21:08'),(605,70,'[RUNNING]','2024-06-26 12:21:50','2024-06-26 12:21:50'),(606,70,'[FINISHED WITH ERRORS]','2024-06-26 12:21:51','2024-06-26 12:21:51'),(607,70,'[RUNNING]','2024-06-26 12:23:06','2024-06-26 12:23:06'),(608,70,'[FINISHED WITH ERRORS]','2024-06-26 12:23:07','2024-06-26 12:23:07'),(609,70,'[RUNNING]','2024-06-26 12:23:53','2024-06-26 12:23:53'),(610,70,'[FINISHED WITH ERRORS]','2024-06-26 12:23:53','2024-06-26 12:23:53'),(611,70,'[RUNNING]','2024-06-26 12:24:18','2024-06-26 12:24:18'),(612,70,'[FINISHED WITH ERRORS]','2024-06-26 12:24:19','2024-06-26 12:24:19'),(613,70,'[RUNNING]','2024-06-26 12:25:08','2024-06-26 12:25:08'),(614,70,'[FINISHED WITH ERRORS]','2024-06-26 12:25:09','2024-06-26 12:25:09'),(615,70,'[RUNNING]','2024-06-26 12:26:58','2024-06-26 12:26:58'),(616,70,'[ALL OK]','2024-06-26 12:26:58','2024-06-26 12:26:58'),(617,70,'[RUNNING]','2024-06-26 12:27:03','2024-06-26 12:27:03'),(618,70,'[ALL OK]','2024-06-26 12:27:04','2024-06-26 12:27:04'),(619,70,'[RUNNING]','2024-06-26 12:27:10','2024-06-26 12:27:10'),(620,70,'[ALL OK]','2024-06-26 12:27:10','2024-06-26 12:27:10'),(621,70,'[RUNNING]','2024-06-26 12:28:14','2024-06-26 12:28:14'),(622,70,'[FINISHED WITH ERRORS]','2024-06-26 12:28:16','2024-06-26 12:28:16'),(623,70,'[RUNNING]','2024-06-26 12:28:24','2024-06-26 12:28:24'),(624,70,'[FINISHED WITH ERRORS]','2024-06-26 12:28:25','2024-06-26 12:28:25'),(625,70,'[RUNNING]','2024-06-26 12:28:26','2024-06-26 12:28:26'),(626,70,'[FINISHED WITH ERRORS]','2024-06-26 12:28:27','2024-06-26 12:28:27'),(627,70,'[RUNNING]','2024-06-26 12:28:38','2024-06-26 12:28:38'),(628,70,'[ALL OK]','2024-06-26 12:28:39','2024-06-26 12:28:39'),(629,70,'[RUNNING]','2024-06-26 12:28:42','2024-06-26 12:28:42'),(630,70,'[ALL OK]','2024-06-26 12:28:43','2024-06-26 12:28:43'),(631,70,'[RUNNING]','2024-06-26 12:28:45','2024-06-26 12:28:45'),(632,70,'[ALL OK]','2024-06-26 12:28:46','2024-06-26 12:28:46'),(633,70,'[RUNNING]','2024-06-26 12:29:18','2024-06-26 12:29:18'),(634,70,'[ALL OK]','2024-06-26 12:29:19','2024-06-26 12:29:19'),(635,70,'[RUNNING]','2024-06-26 12:29:20','2024-06-26 12:29:20'),(636,70,'[ALL OK]','2024-06-26 12:29:21','2024-06-26 12:29:21'),(637,70,'[RUNNING]','2024-06-26 12:29:24','2024-06-26 12:29:24'),(638,70,'[ALL OK]','2024-06-26 12:29:25','2024-06-26 12:29:25'),(639,70,'[RUNNING]','2024-06-26 12:33:05','2024-06-26 12:33:05'),(640,70,'[ALL OK]','2024-06-26 12:33:06','2024-06-26 12:33:06'),(641,70,'[RUNNING]','2024-06-26 12:34:01','2024-06-26 12:34:01'),(642,70,'[ALL OK]','2024-06-26 12:34:02','2024-06-26 12:34:02'),(643,70,'[RUNNING]','2024-06-26 12:36:10','2024-06-26 12:36:10'),(644,70,'[ALL OK]','2024-06-26 12:36:11','2024-06-26 12:36:11'),(645,70,'[RUNNING]','2024-06-26 12:40:30','2024-06-26 12:40:30'),(646,70,'[ALL OK]','2024-06-26 12:40:31','2024-06-26 12:40:31'),(647,70,'[RUNNING]','2024-06-26 12:42:50','2024-06-26 12:42:50'),(648,70,'[ALL OK]','2024-06-26 12:42:52','2024-06-26 12:42:52'),(649,70,'[RUNNING]','2024-06-26 12:46:48','2024-06-26 12:46:48'),(650,70,'[ALL OK]','2024-06-26 12:46:49','2024-06-26 12:46:49'),(651,70,'[RUNNING]','2024-06-26 13:15:54','2024-06-26 13:15:54'),(652,70,'[ALL OK]','2024-06-26 13:15:55','2024-06-26 13:15:55'),(653,70,'[RUNNING]','2024-06-26 13:17:33','2024-06-26 13:17:33'),(654,70,'[ALL OK]','2024-06-26 13:17:34','2024-06-26 13:17:34'),(655,70,'[RUNNING]','2024-06-26 13:17:39','2024-06-26 13:17:39'),(656,70,'[ALL OK]','2024-06-26 13:17:40','2024-06-26 13:17:40'),(657,70,'[RUNNING]','2024-06-26 13:18:02','2024-06-26 13:18:02'),(658,70,'[ALL OK]','2024-06-26 13:18:02','2024-06-26 13:18:02'),(659,70,'[RUNNING]','2024-06-26 13:18:04','2024-06-26 13:18:04'),(660,70,'[ALL OK]','2024-06-26 13:18:05','2024-06-26 13:18:05'),(661,70,'[RUNNING]','2024-06-26 13:18:06','2024-06-26 13:18:06'),(662,70,'[ALL OK]','2024-06-26 13:18:06','2024-06-26 13:18:06'),(663,70,'[RUNNING]','2024-06-26 13:18:24','2024-06-26 13:18:24'),(664,70,'[ALL OK]','2024-06-26 13:18:24','2024-06-26 13:18:24'),(665,70,'[RUNNING]','2024-06-26 13:18:27','2024-06-26 13:18:27'),(666,70,'[ALL OK]','2024-06-26 13:18:28','2024-06-26 13:18:28'),(667,70,'[RUNNING]','2024-06-26 13:18:30','2024-06-26 13:18:30'),(668,70,'[ALL OK]','2024-06-26 13:18:31','2024-06-26 13:18:31'),(711,70,'[RUNNING]','2024-06-26 15:07:09','2024-06-26 15:07:09'),(712,70,'[ALL OK]','2024-06-26 15:07:10','2024-06-26 15:07:10'),(713,70,'[RUNNING]','2024-06-26 15:12:27','2024-06-26 15:12:27'),(714,70,'[ALL OK]','2024-06-26 15:12:28','2024-06-26 15:12:28'),(715,70,'[RUNNING]','2024-06-26 15:12:32','2024-06-26 15:12:32'),(716,70,'[ALL OK]','2024-06-26 15:12:33','2024-06-26 15:12:33'),(717,70,'[RUNNING]','2024-06-26 15:12:55','2024-06-26 15:12:55'),(718,70,'[ALL OK]','2024-06-26 15:12:57','2024-06-26 15:12:57'),(719,70,'[RUNNING]','2024-06-26 15:12:59','2024-06-26 15:12:59'),(720,70,'[ALL OK]','2024-06-26 15:13:01','2024-06-26 15:13:01'),(721,70,'[RUNNING]','2024-06-26 15:18:14','2024-06-26 15:18:14'),(722,70,'[ALL OK]','2024-06-26 15:18:18','2024-06-26 15:18:18'),(723,70,'[RUNNING]','2024-06-26 15:18:37','2024-06-26 15:18:37'),(724,70,'[ALL OK]','2024-06-26 15:18:48','2024-06-26 15:18:48'),(725,70,'[RUNNING]','2024-06-26 15:20:30','2024-06-26 15:20:30'),(726,70,'[ALL OK]','2024-06-26 15:20:40','2024-06-26 15:20:40'),(727,70,'[RUNNING]','2024-06-26 15:20:42','2024-06-26 15:20:42'),(728,70,'[ALL OK]','2024-06-26 15:20:52','2024-06-26 15:20:52'),(729,70,'[RUNNING]','2024-06-26 15:21:01','2024-06-26 15:21:01'),(730,70,'[ALL OK]','2024-06-26 15:21:13','2024-06-26 15:21:13'),(750,70,'[RUNNING]','2024-06-26 17:38:01','2024-06-26 17:38:01'),(755,70,'[ALL OK]','2024-06-26 17:38:14','2024-06-26 17:38:14'),(756,70,'[RUNNING]','2024-06-26 17:38:42','2024-06-26 17:38:42'),(757,70,'[ALL OK]','2024-06-26 17:38:43','2024-06-26 17:38:43'),(758,70,'[RUNNING]','2024-06-26 17:39:10','2024-06-26 17:39:10'),(759,70,'[ALL OK]','2024-06-26 17:39:12','2024-06-26 17:39:12'),(760,70,'[RUNNING]','2024-06-26 17:39:13','2024-06-26 17:39:13'),(761,70,'[ALL OK]','2024-06-26 17:39:14','2024-06-26 17:39:14'),(762,70,'[RUNNING]','2024-06-26 17:39:15','2024-06-26 17:39:15'),(763,70,'[ALL OK]','2024-06-26 17:39:17','2024-06-26 17:39:17'),(768,70,'[RUNNING]','2024-06-26 17:39:26','2024-06-26 17:39:26'),(769,70,'[ALL OK]','2024-06-26 17:39:27','2024-06-26 17:39:27'),(773,70,'[RUNNING]','2024-06-26 17:48:30','2024-06-26 17:48:30'),(774,70,'[ALL OK]','2024-06-26 17:48:32','2024-06-26 17:48:32'),(779,70,'[RUNNING]','2024-06-26 17:49:07','2024-06-26 17:49:07'),(780,70,'[ALL OK]','2024-06-26 17:49:09','2024-06-26 17:49:09'),(782,70,'[RUNNING]','2024-06-26 17:51:26','2024-06-26 17:51:26'),(783,70,'[FINISHED WITH ERRORS]','2024-06-26 17:51:27','2024-06-26 17:51:27'),(785,70,'[RUNNING]','2024-06-26 17:51:47','2024-06-26 17:51:47'),(786,70,'[ALL OK]','2024-06-26 17:51:49','2024-06-26 17:51:49'),(787,70,'[RUNNING]','2024-06-26 17:54:15','2024-06-26 17:54:15'),(788,70,'[ALL OK]','2024-06-26 17:54:16','2024-06-26 17:54:16'),(789,70,'[RUNNING]','2024-06-26 17:54:18','2024-06-26 17:54:18'),(790,70,'[ALL OK]','2024-06-26 17:54:19','2024-06-26 17:54:19'),(837,70,'[RUNNING]','2024-06-27 09:18:21','2024-06-27 09:18:21'),(838,70,'[ALL OK]','2024-06-27 09:18:22','2024-06-27 09:18:22'),(897,70,'[RUNNING]','2024-06-27 09:48:25','2024-06-27 09:48:25'),(898,70,'[ALL OK]','2024-06-27 09:48:26','2024-06-27 09:48:26'),(903,70,'[RUNNING]','2024-06-27 09:57:56','2024-06-27 09:57:56'),(904,70,'[ALL OK]','2024-06-27 09:57:57','2024-06-27 09:57:57'),(905,70,'[RUNNING]','2024-06-27 09:57:59','2024-06-27 09:57:59'),(906,70,'[ALL OK]','2024-06-27 09:58:00','2024-06-27 09:58:00'),(907,70,'[RUNNING]','2024-06-27 09:58:17','2024-06-27 09:58:17'),(908,70,'[ALL OK]','2024-06-27 09:58:48','2024-06-27 09:58:48'),(909,70,'[RUNNING]','2024-06-27 10:35:19','2024-06-27 10:35:19'),(910,70,'[ALL OK]','2024-06-27 10:35:50','2024-06-27 10:35:50'),(911,70,'[RUNNING]','2024-06-27 10:36:26','2024-06-27 10:36:26'),(912,70,'[ALL OK]','2024-06-27 10:36:32','2024-06-27 10:36:32'),(913,70,'[RUNNING]','2024-06-27 10:46:51','2024-06-27 10:46:51'),(914,70,'[ALL OK]','2024-06-27 10:46:58','2024-06-27 10:46:58'),(915,70,'[RUNNING]','2024-06-27 10:51:06','2024-06-27 10:51:06'),(916,70,'[FINISHED WITH ERRORS]','2024-06-27 10:51:13','2024-06-27 10:51:13'),(917,70,'[RUNNING]','2024-06-27 10:54:42','2024-06-27 10:54:42'),(918,70,'[FINISHED WITH ERRORS]','2024-06-27 10:54:48','2024-06-27 10:54:48'),(920,70,'[RUNNING]','2024-06-27 10:55:02','2024-06-27 10:55:02'),(921,70,'[ALL OK]','2024-06-27 10:55:08','2024-06-27 10:55:08'),(923,83,'[RUNNING]','2024-06-27 11:13:20','2024-06-27 11:13:20'),(924,83,'[ALL OK]','2024-06-27 11:13:25','2024-06-27 11:13:25'),(925,83,'[RUNNING]','2024-06-27 11:13:33','2024-06-27 11:13:33'),(926,83,'[ALL OK]','2024-06-27 11:13:35','2024-06-27 11:13:35'),(927,70,'[RUNNING]','2024-06-27 11:15:51','2024-06-27 11:15:51'),(928,83,'[RUNNING]','2024-06-27 11:15:53','2024-06-27 11:15:53'),(929,83,'[ALL OK]','2024-06-27 11:15:54','2024-06-27 11:15:54'),(930,84,'[RUNNING]','2024-06-27 11:15:54','2024-06-27 11:15:54'),(931,85,'[RUNNING]','2024-06-27 11:15:56','2024-06-27 11:15:56'),(932,86,'[RUNNING]','2024-06-27 11:15:57','2024-06-27 11:15:57'),(933,70,'[ALL OK]','2024-06-27 11:15:57','2024-06-27 11:15:57'),(934,84,'[ALL OK]','2024-06-27 11:16:00','2024-06-27 11:16:00'),(935,85,'[ALL OK]','2024-06-27 11:16:01','2024-06-27 11:16:01'),(936,86,'[ALL OK]','2024-06-27 11:16:05','2024-06-27 11:16:05'),(937,86,'[RUNNING]','2024-06-27 11:17:28','2024-06-27 11:17:28'),(940,86,'[ALL OK]','2024-06-27 11:17:36','2024-06-27 11:17:36'),(943,83,'[RUNNING]','2024-06-27 11:19:11','2024-06-27 11:19:11'),(944,83,'[ALL OK]','2024-06-27 11:19:12','2024-06-27 11:19:12'),(945,84,'[RUNNING]','2024-06-27 11:19:16','2024-06-27 11:19:16'),(946,84,'[ALL OK]','2024-06-27 11:19:21','2024-06-27 11:19:21'),(947,85,'[RUNNING]','2024-06-27 11:19:23','2024-06-27 11:19:23'),(948,85,'[ALL OK]','2024-06-27 11:19:28','2024-06-27 11:19:28'),(949,70,'[RUNNING]','2024-06-27 11:19:36','2024-06-27 11:19:36'),(950,70,'[ALL OK]','2024-06-27 11:19:42','2024-06-27 11:19:42'),(951,83,'[RUNNING]','2024-06-27 11:19:44','2024-06-27 11:19:44'),(952,83,'[ALL OK]','2024-06-27 11:19:45','2024-06-27 11:19:45'),(953,85,'[RUNNING]','2024-06-27 11:19:47','2024-06-27 11:19:47'),(954,85,'[ALL OK]','2024-06-27 11:19:53','2024-06-27 11:19:53'),(957,85,'[RUNNING]','2024-06-27 11:20:04','2024-06-27 11:20:04'),(958,85,'[ALL OK]','2024-06-27 11:20:09','2024-06-27 11:20:09'),(961,85,'[RUNNING]','2024-06-27 11:30:18','2024-06-27 11:30:18'),(962,85,'[ALL OK]','2024-06-27 11:30:24','2024-06-27 11:30:24'),(963,83,'[RUNNING]','2024-06-27 11:30:25','2024-06-27 11:30:25'),(964,83,'[ALL OK]','2024-06-27 11:30:26','2024-06-27 11:30:26'),(965,70,'[RUNNING]','2024-06-27 11:30:30','2024-06-27 11:30:30'),(966,70,'[ALL OK]','2024-06-27 11:30:36','2024-06-27 11:30:36'),(967,86,'[RUNNING]','2024-06-27 11:31:11','2024-06-27 11:31:11'),(968,86,'[ALL OK]','2024-06-27 11:31:20','2024-06-27 11:31:20'),(969,84,'[RUNNING]','2024-06-27 11:31:22','2024-06-27 11:31:22'),(970,84,'[ALL OK]','2024-06-27 11:31:27','2024-06-27 11:31:27'),(971,85,'[RUNNING]','2024-06-27 11:32:47','2024-06-27 11:32:47'),(972,85,'[ALL OK]','2024-06-27 11:32:52','2024-06-27 11:32:52'),(973,86,'[RUNNING]','2024-06-27 11:34:02','2024-06-27 11:34:02'),(974,84,'[RUNNING]','2024-06-27 11:34:10','2024-06-27 11:34:10'),(975,86,'[ALL OK]','2024-06-27 11:34:11','2024-06-27 11:34:11'),(976,84,'[ALL OK]','2024-06-27 11:34:15','2024-06-27 11:34:15'),(981,84,'[RUNNING]','2024-06-27 11:35:17','2024-06-27 11:35:17'),(982,84,'[ALL OK]','2024-06-27 11:35:22','2024-06-27 11:35:22'),(983,86,'[RUNNING]','2024-06-27 11:37:00','2024-06-27 11:37:00'),(984,86,'[ALL OK]','2024-06-27 11:37:09','2024-06-27 11:37:09'),(989,86,'[RUNNING]','2024-06-27 11:42:57','2024-06-27 11:42:57'),(990,86,'[ALL OK]','2024-06-27 11:43:05','2024-06-27 11:43:05'),(991,86,'[RUNNING]','2024-06-27 12:03:07','2024-06-27 12:03:07'),(992,84,'[RUNNING]','2024-06-27 12:03:09','2024-06-27 12:03:09'),(994,84,'[ALL OK]','2024-06-27 12:03:14','2024-06-27 12:03:14'),(995,86,'[ALL OK]','2024-06-27 12:03:15','2024-06-27 12:03:15'),(996,83,'[RUNNING]','2024-06-27 12:03:15','2024-06-27 12:03:15'),(997,83,'[ALL OK]','2024-06-27 12:03:16','2024-06-27 12:03:16'),(998,70,'[RUNNING]','2024-06-27 12:03:17','2024-06-27 12:03:17'),(1000,70,'[ALL OK]','2024-06-27 12:03:23','2024-06-27 12:03:23'),(1001,85,'[RUNNING]','2024-06-27 12:07:56','2024-06-27 12:07:56'),(1002,85,'[FINISHED WITH ERRORS]','2024-06-27 12:08:01','2024-06-27 12:08:01'),(1003,85,'[RUNNING]','2024-06-27 12:08:28','2024-06-27 12:08:28'),(1004,85,'[NOT OK]','2024-06-27 12:08:31','2024-06-27 12:08:31'),(1005,85,'[RUNNING]','2024-06-27 12:08:37','2024-06-27 12:08:37'),(1006,85,'[NOT OK]','2024-06-27 12:08:40','2024-06-27 12:08:40'),(1007,85,'[RUNNING]','2024-06-27 12:08:45','2024-06-27 12:08:45'),(1008,85,'[FINISHED WITH ERRORS]','2024-06-27 12:08:51','2024-06-27 12:08:51'),(1009,85,'[RUNNING]','2024-06-27 12:08:58','2024-06-27 12:08:58'),(1010,85,'[ALL OK]','2024-06-27 12:09:03','2024-06-27 12:09:03'),(1011,84,'[RUNNING]','2024-06-27 12:39:41','2024-06-27 12:39:41'),(1012,84,'[ALL OK]','2024-06-27 12:39:46','2024-06-27 12:39:46'),(1013,93,'[RUNNING]','2024-06-27 13:10:42','2024-06-27 13:10:42'),(1014,93,'[RUNNING]','2024-06-27 13:10:42','2024-06-27 13:10:42'),(1015,93,'[NOT OK]','2024-06-27 13:10:42','2024-06-27 13:10:42'),(1016,93,'[RUNNING]','2024-06-27 13:12:32','2024-06-27 13:12:32'),(1017,93,'[RUNNING]','2024-06-27 13:12:32','2024-06-27 13:12:32'),(1018,93,'[NOT OK]','2024-06-27 13:12:32','2024-06-27 13:12:32'),(1019,93,'[RUNNING]','2024-06-27 13:13:14','2024-06-27 13:13:14'),(1020,93,'[RUNNING]','2024-06-27 13:13:14','2024-06-27 13:13:14'),(1021,93,'[NOT OK]','2024-06-27 13:13:14','2024-06-27 13:13:14'),(1022,93,'[RUNNING]','2024-06-27 13:13:23','2024-06-27 13:13:23'),(1023,93,'[RUNNING]','2024-06-27 13:13:23','2024-06-27 13:13:23'),(1024,93,'[NOT OK]','2024-06-27 13:13:23','2024-06-27 13:13:23'),(1025,93,'[RUNNING]','2024-06-27 13:13:24','2024-06-27 13:13:24'),(1026,93,'[RUNNING]','2024-06-27 13:13:24','2024-06-27 13:13:24'),(1027,93,'[NOT OK]','2024-06-27 13:13:24','2024-06-27 13:13:24'),(1028,93,'[RUNNING]','2024-06-27 13:13:25','2024-06-27 13:13:25'),(1029,93,'[RUNNING]','2024-06-27 13:13:25','2024-06-27 13:13:25'),(1030,93,'[NOT OK]','2024-06-27 13:13:25','2024-06-27 13:13:25'),(1031,93,'[RUNNING]','2024-06-27 13:13:25','2024-06-27 13:13:25'),(1032,93,'[RUNNING]','2024-06-27 13:13:25','2024-06-27 13:13:25'),(1033,93,'[NOT OK]','2024-06-27 13:13:25','2024-06-27 13:13:25'),(1034,93,'[RUNNING]','2024-06-27 13:13:25','2024-06-27 13:13:25'),(1035,93,'[RUNNING]','2024-06-27 13:13:25','2024-06-27 13:13:25'),(1036,93,'[NOT OK]','2024-06-27 13:13:25','2024-06-27 13:13:25'),(1037,93,'[RUNNING]','2024-06-27 13:13:26','2024-06-27 13:13:26'),(1038,93,'[RUNNING]','2024-06-27 13:13:26','2024-06-27 13:13:26'),(1039,93,'[NOT OK]','2024-06-27 13:13:26','2024-06-27 13:13:26'),(1040,93,'[RUNNING]','2024-06-27 13:13:26','2024-06-27 13:13:26'),(1041,93,'[RUNNING]','2024-06-27 13:13:26','2024-06-27 13:13:26'),(1042,93,'[NOT OK]','2024-06-27 13:13:26','2024-06-27 13:13:26'),(1043,93,'[RUNNING]','2024-06-27 13:13:26','2024-06-27 13:13:26'),(1044,93,'[RUNNING]','2024-06-27 13:13:26','2024-06-27 13:13:26'),(1045,93,'[NOT OK]','2024-06-27 13:13:26','2024-06-27 13:13:26'),(1046,93,'[RUNNING]','2024-06-27 13:13:26','2024-06-27 13:13:26'),(1047,93,'[RUNNING]','2024-06-27 13:13:26','2024-06-27 13:13:26'),(1048,93,'[NOT OK]','2024-06-27 13:13:26','2024-06-27 13:13:26'),(1049,93,'[RUNNING]','2024-06-27 13:13:26','2024-06-27 13:13:26'),(1050,93,'[RUNNING]','2024-06-27 13:13:26','2024-06-27 13:13:26'),(1051,93,'[NOT OK]','2024-06-27 13:13:26','2024-06-27 13:13:26'),(1052,93,'[RUNNING]','2024-06-27 13:13:47','2024-06-27 13:13:47'),(1053,93,'[RUNNING]','2024-06-27 13:13:47','2024-06-27 13:13:47'),(1054,93,'[NOT OK]','2024-06-27 13:13:48','2024-06-27 13:13:48'),(1055,93,'[RUNNING]','2024-06-27 13:13:49','2024-06-27 13:13:49'),(1056,93,'[RUNNING]','2024-06-27 13:13:49','2024-06-27 13:13:49'),(1057,93,'[NOT OK]','2024-06-27 13:13:50','2024-06-27 13:13:50'),(1058,93,'[RUNNING]','2024-06-27 13:14:15','2024-06-27 13:14:15'),(1059,93,'[RUNNING]','2024-06-27 13:14:15','2024-06-27 13:14:15'),(1060,93,'[NOT OK]','2024-06-27 13:14:16','2024-06-27 13:14:16'),(1061,93,'[RUNNING]','2024-06-27 13:14:17','2024-06-27 13:14:17'),(1062,93,'[RUNNING]','2024-06-27 13:14:18','2024-06-27 13:14:18'),(1063,93,'[NOT OK]','2024-06-27 13:14:18','2024-06-27 13:14:18'),(1064,93,'[RUNNING]','2024-06-27 13:16:17','2024-06-27 13:16:17'),(1065,93,'[ALL OK]','2024-06-27 13:16:18','2024-06-27 13:16:18'),(1066,93,'[RUNNING]','2024-06-27 13:17:51','2024-06-27 13:17:51'),(1067,93,'[ALL OK]','2024-06-27 13:17:51','2024-06-27 13:17:51'),(1068,93,'[RUNNING]','2024-06-27 13:18:43','2024-06-27 13:18:43'),(1069,93,'[FINISHED WITH ERRORS]','2024-06-27 13:18:43','2024-06-27 13:18:43'),(1070,93,'[RUNNING]','2024-06-27 13:18:53','2024-06-27 13:18:53'),(1071,93,'[FINISHED WITH ERRORS]','2024-06-27 13:18:54','2024-06-27 13:18:54'),(1072,93,'[RUNNING]','2024-06-27 13:19:56','2024-06-27 13:19:56'),(1073,93,'[FINISHED WITH ERRORS]','2024-06-27 13:19:56','2024-06-27 13:19:56'),(1074,93,'[RUNNING]','2024-06-27 13:20:35','2024-06-27 13:20:35'),(1075,93,'[RUNNING]','2024-06-27 13:20:35','2024-06-27 13:20:35'),(1076,93,'[NOT OK]','2024-06-27 13:20:36','2024-06-27 13:20:36'),(1077,93,'[RUNNING]','2024-06-27 13:21:58','2024-06-27 13:21:58'),(1078,93,'[RUNNING]','2024-06-27 13:21:59','2024-06-27 13:21:59'),(1079,93,'[NOT OK]','2024-06-27 13:21:59','2024-06-27 13:21:59'),(1080,93,'[RUNNING]','2024-06-27 13:31:06','2024-06-27 13:31:06'),(1081,93,'[ALL OK]','2024-06-27 13:31:06','2024-06-27 13:31:06'),(1082,93,'[RUNNING]','2024-06-27 13:31:42','2024-06-27 13:31:42'),(1083,93,'[ALL OK]','2024-06-27 13:31:43','2024-06-27 13:31:43'),(1084,93,'[RUNNING]','2024-06-27 13:31:43','2024-06-27 13:31:43'),(1085,93,'[ALL OK]','2024-06-27 13:31:43','2024-06-27 13:31:43'),(1086,93,'[RUNNING]','2024-06-27 13:31:45','2024-06-27 13:31:45'),(1087,93,'[ALL OK]','2024-06-27 13:31:45','2024-06-27 13:31:45'),(1088,93,'[RUNNING]','2024-06-27 13:57:57','2024-06-27 13:57:57'),(1089,93,'[ALL OK]','2024-06-27 13:57:57','2024-06-27 13:57:57'),(1090,93,'[RUNNING]','2024-06-27 13:58:06','2024-06-27 13:58:06'),(1091,93,'[RUNNING]','2024-06-27 13:58:06','2024-06-27 13:58:06'),(1092,93,'[NOT OK]','2024-06-27 13:58:07','2024-06-27 13:58:07'),(1093,93,'[RUNNING]','2024-06-27 15:06:05','2024-06-27 15:06:05'),(1094,93,'[RUNNING]','2024-06-27 15:06:05','2024-06-27 15:06:05'),(1095,93,'[NOT OK]','2024-06-27 15:06:05','2024-06-27 15:06:05'),(1096,93,'[RUNNING]','2024-06-27 15:13:37','2024-06-27 15:13:37'),(1097,93,'[RUNNING]','2024-06-27 15:13:37','2024-06-27 15:13:37'),(1098,93,'[NOT OK]','2024-06-27 15:13:38','2024-06-27 15:13:38'),(1099,93,'[RUNNING]','2024-06-27 15:15:51','2024-06-27 15:15:51'),(1100,93,'[RUNNING]','2024-06-27 15:15:52','2024-06-27 15:15:52'),(1101,93,'[NOT OK]','2024-06-27 15:15:52','2024-06-27 15:15:52'),(1102,93,'[RUNNING]','2024-06-27 15:17:12','2024-06-27 15:17:12'),(1103,93,'[RUNNING]','2024-06-27 15:17:12','2024-06-27 15:17:12'),(1104,93,'[NOT OK]','2024-06-27 15:17:13','2024-06-27 15:17:13'),(1105,93,'[RUNNING]','2024-06-27 15:31:47','2024-06-27 15:31:47'),(1106,93,'[RUNNING]','2024-06-27 15:31:47','2024-06-27 15:31:47'),(1107,93,'[NOT OK]','2024-06-27 15:31:47','2024-06-27 15:31:47'),(1108,93,'[RUNNING]','2024-06-27 15:35:25','2024-06-27 15:35:25'),(1109,93,'[RUNNING]','2024-06-27 15:35:25','2024-06-27 15:35:25'),(1110,93,'[NOT OK]','2024-06-27 15:35:25','2024-06-27 15:35:25'),(1111,93,'[RUNNING]','2024-06-27 15:40:55','2024-06-27 15:40:55'),(1112,93,'[RUNNING]','2024-06-27 15:40:55','2024-06-27 15:40:55'),(1113,93,'[NOT OK]','2024-06-27 15:40:56','2024-06-27 15:40:56'),(1114,93,'[RUNNING]','2024-06-27 15:45:43','2024-06-27 15:45:43'),(1115,93,'[RUNNING]','2024-06-27 15:45:43','2024-06-27 15:45:43'),(1116,93,'[NOT OK]','2024-06-27 15:45:43','2024-06-27 15:45:43'),(1117,93,'[RUNNING]','2024-06-27 15:49:40','2024-06-27 15:49:40'),(1118,93,'[RUNNING]','2024-06-27 15:49:41','2024-06-27 15:49:41'),(1119,93,'[NOT OK]','2024-06-27 15:49:41','2024-06-27 15:49:41'),(1120,93,'[RUNNING]','2024-06-27 15:51:26','2024-06-27 15:51:26'),(1121,93,'[RUNNING]','2024-06-27 15:51:26','2024-06-27 15:51:26'),(1122,93,'[NOT OK]','2024-06-27 15:51:26','2024-06-27 15:51:26'),(1123,93,'[RUNNING]','2024-06-27 15:56:47','2024-06-27 15:56:47'),(1124,93,'[RUNNING]','2024-06-27 15:56:47','2024-06-27 15:56:47'),(1125,93,'[NOT OK]','2024-06-27 15:56:47','2024-06-27 15:56:47'),(1126,93,'[RUNNING]','2024-06-27 15:57:50','2024-06-27 15:57:50'),(1127,93,'[RUNNING]','2024-06-27 15:57:50','2024-06-27 15:57:50'),(1128,93,'[NOT OK]','2024-06-27 15:57:50','2024-06-27 15:57:50'),(1129,93,'[RUNNING]','2024-06-27 15:59:05','2024-06-27 15:59:05'),(1130,93,'[RUNNING]','2024-06-27 15:59:05','2024-06-27 15:59:05'),(1131,93,'[NOT OK]','2024-06-27 15:59:06','2024-06-27 15:59:06'),(1132,93,'[RUNNING]','2024-06-27 15:59:56','2024-06-27 15:59:56'),(1133,93,'[RUNNING]','2024-06-27 15:59:57','2024-06-27 15:59:57'),(1134,93,'[NOT OK]','2024-06-27 15:59:57','2024-06-27 15:59:57'),(1135,93,'[RUNNING]','2024-06-27 16:00:48','2024-06-27 16:00:48'),(1136,93,'[ALL OK]','2024-06-27 16:00:48','2024-06-27 16:00:48'),(1137,93,'[RUNNING]','2024-06-27 16:00:52','2024-06-27 16:00:52'),(1138,93,'[ALL OK]','2024-06-27 16:00:53','2024-06-27 16:00:53'),(1139,93,'[RUNNING]','2024-06-27 16:02:03','2024-06-27 16:02:03'),(1140,93,'[ALL OK]','2024-06-27 16:02:03','2024-06-27 16:02:03'),(1141,93,'[RUNNING]','2024-06-27 16:04:52','2024-06-27 16:04:52'),(1142,93,'[ALL OK]','2024-06-27 16:04:53','2024-06-27 16:04:53'),(1143,93,'[RUNNING]','2024-06-27 16:06:46','2024-06-27 16:06:46'),(1144,93,'[RUNNING]','2024-06-27 16:06:46','2024-06-27 16:06:46'),(1145,93,'[NOT OK]','2024-06-27 16:06:46','2024-06-27 16:06:46'),(1146,93,'[RUNNING]','2024-06-27 16:07:08','2024-06-27 16:07:08'),(1147,93,'[RUNNING]','2024-06-27 16:07:09','2024-06-27 16:07:09'),(1148,93,'[NOT OK]','2024-06-27 16:07:09','2024-06-27 16:07:09'),(1149,93,'[RUNNING]','2024-06-27 16:08:24','2024-06-27 16:08:24'),(1150,93,'[RUNNING]','2024-06-27 16:08:25','2024-06-27 16:08:25'),(1151,93,'[NOT OK]','2024-06-27 16:08:25','2024-06-27 16:08:25'),(1152,93,'[RUNNING]','2024-06-27 16:09:21','2024-06-27 16:09:21'),(1153,93,'[RUNNING]','2024-06-27 16:09:22','2024-06-27 16:09:22'),(1154,93,'[NOT OK]','2024-06-27 16:09:22','2024-06-27 16:09:22'),(1155,93,'[RUNNING]','2024-06-27 16:16:39','2024-06-27 16:16:39'),(1156,93,'[ALL OK]','2024-06-27 16:16:39','2024-06-27 16:16:39'),(1157,93,'[RUNNING]','2024-06-27 16:17:20','2024-06-27 16:17:20'),(1158,93,'[ALL OK]','2024-06-27 16:17:21','2024-06-27 16:17:21'),(1159,93,'[RUNNING]','2024-06-27 16:20:46','2024-06-27 16:20:46'),(1160,93,'[ALL OK]','2024-06-27 16:20:46','2024-06-27 16:20:46'),(1161,70,'[RUNNING]','2024-06-27 16:21:27','2024-06-27 16:21:27'),(1162,70,'[ALL OK]','2024-06-27 16:21:34','2024-06-27 16:21:34'),(1163,70,'[RUNNING]','2024-06-27 16:21:42','2024-06-27 16:21:42'),(1164,70,'[ALL OK]','2024-06-27 16:21:43','2024-06-27 16:21:43'),(1165,70,'[RUNNING]','2024-06-27 16:21:44','2024-06-27 16:21:44'),(1166,70,'[ALL OK]','2024-06-27 16:21:46','2024-06-27 16:21:46'),(1167,70,'[RUNNING]','2024-06-27 16:21:47','2024-06-27 16:21:47'),(1168,70,'[ALL OK]','2024-06-27 16:21:48','2024-06-27 16:21:48'),(1169,70,'[RUNNING]','2024-06-27 16:21:49','2024-06-27 16:21:49'),(1170,70,'[ALL OK]','2024-06-27 16:21:50','2024-06-27 16:21:50'),(1171,70,'[RUNNING]','2024-06-27 16:21:53','2024-06-27 16:21:53'),(1172,70,'[ALL OK]','2024-06-27 16:21:54','2024-06-27 16:21:54'),(1173,70,'[RUNNING]','2024-06-27 16:21:56','2024-06-27 16:21:56'),(1174,70,'[ALL OK]','2024-06-27 16:21:57','2024-06-27 16:21:57'),(1175,93,'[RUNNING]','2024-06-27 16:22:13','2024-06-27 16:22:13'),(1176,93,'[ALL OK]','2024-06-27 16:22:14','2024-06-27 16:22:14'),(1177,93,'[RUNNING]','2024-06-27 16:23:13','2024-06-27 16:23:13'),(1178,93,'[ALL OK]','2024-06-27 16:23:14','2024-06-27 16:23:14'),(1179,93,'[RUNNING]','2024-06-27 16:24:39','2024-06-27 16:24:39'),(1180,93,'[ALL OK]','2024-06-27 16:24:39','2024-06-27 16:24:39'),(1181,93,'[RUNNING]','2024-06-27 16:26:55','2024-06-27 16:26:55'),(1182,93,'[ALL OK]','2024-06-27 16:26:56','2024-06-27 16:26:56'),(1183,70,'[RUNNING]','2024-06-27 16:30:16','2024-06-27 16:30:16'),(1184,70,'[ALL OK]','2024-06-27 16:30:17','2024-06-27 16:30:17'),(1185,83,'[RUNNING]','2024-06-27 16:30:23','2024-06-27 16:30:23'),(1186,83,'[ALL OK]','2024-06-27 16:30:25','2024-06-27 16:30:25'),(1187,93,'[RUNNING]','2024-06-27 16:30:31','2024-06-27 16:30:31'),(1188,93,'[ALL OK]','2024-06-27 16:30:32','2024-06-27 16:30:32'),(1189,93,'[RUNNING]','2024-06-27 16:30:38','2024-06-27 16:30:38'),(1190,93,'[ALL OK]','2024-06-27 16:30:39','2024-06-27 16:30:39'),(1191,93,'[RUNNING]','2024-06-27 16:30:39','2024-06-27 16:30:39'),(1192,93,'[ALL OK]','2024-06-27 16:30:40','2024-06-27 16:30:40'),(1193,93,'[RUNNING]','2024-06-27 16:30:49','2024-06-27 16:30:49'),(1194,93,'[ALL OK]','2024-06-27 16:30:50','2024-06-27 16:30:50'),(1195,93,'[RUNNING]','2024-06-27 16:34:05','2024-06-27 16:34:05'),(1196,93,'[ALL OK]','2024-06-27 16:34:06','2024-06-27 16:34:06'),(1197,93,'[RUNNING]','2024-06-27 16:45:43','2024-06-27 16:45:43'),(1198,93,'[FINISHED WITH ERRORS]','2024-06-27 16:45:44','2024-06-27 16:45:44'),(1199,93,'[RUNNING]','2024-06-27 16:46:12','2024-06-27 16:46:12'),(1200,93,'[ALL OK]','2024-06-27 16:46:12','2024-06-27 16:46:12'),(1201,93,'[RUNNING]','2024-06-27 16:46:23','2024-06-27 16:46:23'),(1202,93,'[ALL OK]','2024-06-27 16:46:23','2024-06-27 16:46:23'),(1203,93,'[RUNNING]','2024-06-27 16:55:31','2024-06-27 16:55:31'),(1204,93,'[ALL OK]','2024-06-27 17:04:57','2024-06-27 17:04:57'),(1205,93,'[RUNNING]','2024-06-27 17:45:21','2024-06-27 17:45:21'),(1206,93,'[RUNNING]','2024-06-27 17:45:21','2024-06-27 17:45:21'),(1207,93,'[NOT OK]','2024-06-27 17:45:21','2024-06-27 17:45:21'),(1208,93,'[RUNNING]','2024-06-27 17:45:39','2024-06-27 17:45:39'),(1209,93,'[RUNNING]','2024-06-27 17:45:39','2024-06-27 17:45:39'),(1210,93,'[NOT OK]','2024-06-27 17:45:39','2024-06-27 17:45:39'),(1211,93,'[RUNNING]','2024-06-27 17:47:14','2024-06-27 17:47:14'),(1212,93,'[RUNNING]','2024-06-27 17:47:14','2024-06-27 17:47:14'),(1213,93,'[NOT OK]','2024-06-27 17:47:14','2024-06-27 17:47:14'),(1214,93,'[RUNNING]','2024-06-27 17:48:33','2024-06-27 17:48:33'),(1215,93,'[RUNNING]','2024-06-28 10:35:15','2024-06-28 10:35:15'),(1216,93,'[RUNNING]','2024-06-28 10:37:02','2024-06-28 10:37:02'),(1217,93,'[FINISHED WITH ERRORS]','2024-06-28 10:37:02','2024-06-28 10:37:02'),(1218,93,'[RUNNING]','2024-06-28 10:37:49','2024-06-28 10:37:49'),(1219,93,'[ALL OK]','2024-06-28 10:37:50','2024-06-28 10:37:50'),(1220,93,'[RUNNING]','2024-06-28 10:42:42','2024-06-28 10:42:42'),(1221,93,'[RUNNING]','2024-06-28 10:42:54','2024-06-28 10:42:54'),(1222,93,'[FINISHED WITH ERRORS]','2024-06-28 10:42:54','2024-06-28 10:42:54'),(1223,93,'[FINISHED WITH ERRORS]','2024-06-28 10:43:03','2024-06-28 10:43:03'),(1224,93,'[RUNNING]','2024-06-28 10:43:59','2024-06-28 10:43:59'),(1225,93,'[FINISHED WITH ERRORS]','2024-06-28 10:43:59','2024-06-28 10:43:59'),(1226,93,'[RUNNING]','2024-06-28 10:44:23','2024-06-28 10:44:23'),(1227,93,'[ALL OK]','2024-06-28 10:44:24','2024-06-28 10:44:24'),(1228,93,'[RUNNING]','2024-06-28 11:06:52','2024-06-28 11:06:52'),(1229,93,'[ALL OK]','2024-06-28 11:06:52','2024-06-28 11:06:52'),(1230,93,'[RUNNING]','2024-06-28 11:15:00','2024-06-28 11:15:00'),(1231,93,'[ALL OK]','2024-06-28 11:15:00','2024-06-28 11:15:00'),(1232,93,'[RUNNING]','2024-06-28 11:15:14','2024-06-28 11:15:14'),(1233,93,'[RUNNING]','2024-06-28 11:15:14','2024-06-28 11:15:14'),(1234,93,'[NOT OK]','2024-06-28 11:15:15','2024-06-28 11:15:15'),(1235,93,'[RUNNING]','2024-06-28 11:16:11','2024-06-28 11:16:11'),(1236,93,'[ALL OK]','2024-06-28 11:16:11','2024-06-28 11:16:11'),(1237,93,'[RUNNING]','2024-06-28 11:19:15','2024-06-28 11:19:15'),(1238,93,'[ALL OK]','2024-06-28 11:19:15','2024-06-28 11:19:15'),(1239,93,'[RUNNING]','2024-06-28 12:09:47','2024-06-28 12:09:47'),(1240,93,'[ALL OK]','2024-06-28 12:09:52','2024-06-28 12:09:52'),(1241,93,'[RUNNING]','2024-06-28 12:44:36','2024-06-28 12:44:36'),(1242,93,'[ALL OK]','2024-06-28 12:44:40','2024-06-28 12:44:40'),(1243,93,'[RUNNING]','2024-06-28 12:55:11','2024-06-28 12:55:11'),(1244,93,'[ALL OK]','2024-06-28 12:55:16','2024-06-28 12:55:16'),(1245,93,'[RUNNING]','2024-06-28 12:55:56','2024-06-28 12:55:56'),(1246,93,'[FINISHED WITH ERRORS]','2024-06-28 12:56:00','2024-06-28 12:56:00'),(1247,93,'[RUNNING]','2024-06-28 12:56:24','2024-06-28 12:56:24'),(1248,93,'[FINISHED WITH ERRORS]','2024-06-28 12:56:29','2024-06-28 12:56:29'),(1249,93,'[RUNNING]','2024-06-28 12:56:52','2024-06-28 12:56:52'),(1250,93,'[ALL OK]','2024-06-28 12:56:57','2024-06-28 12:56:57'),(1251,93,'[RUNNING]','2024-06-28 13:03:57','2024-06-28 13:03:57'),(1252,93,'[RUNNING]','2024-06-28 13:04:02','2024-06-28 13:04:02'),(1253,93,'[NOT OK]','2024-06-28 13:04:06','2024-06-28 13:04:06'),(1254,93,'[RUNNING]','2024-06-28 13:05:28','2024-06-28 13:05:28'),(1255,93,'[ALL OK]','2024-06-28 13:05:33','2024-06-28 13:05:33'),(1256,93,'[RUNNING]','2024-06-28 13:05:35','2024-06-28 13:05:35'),(1257,93,'[ALL OK]','2024-06-28 13:05:40','2024-06-28 13:05:40'),(1258,93,'[RUNNING]','2024-06-28 13:05:42','2024-06-28 13:05:42'),(1259,93,'[ALL OK]','2024-06-28 13:05:47','2024-06-28 13:05:47'),(1260,93,'[RUNNING]','2024-06-28 13:52:09','2024-06-28 13:52:09'),(1261,93,'[ALL OK]','2024-06-28 13:52:14','2024-06-28 13:52:14'),(1262,93,'[RUNNING]','2024-06-28 13:53:01','2024-06-28 13:53:01'),(1263,93,'[ALL OK]','2024-06-28 13:53:06','2024-06-28 13:53:06'),(1264,70,'[RUNNING]','2024-06-28 13:59:27','2024-06-28 13:59:27'),(1265,70,'[NOT OK]','2024-06-28 13:59:42','2024-06-28 13:59:42'),(1266,70,'[RUNNING]','2024-06-28 14:00:14','2024-06-28 14:00:14'),(1267,70,'[ALL OK]','2024-06-28 14:00:15','2024-06-28 14:00:15'),(1268,70,'[RUNNING]','2024-06-28 14:00:48','2024-06-28 14:00:48'),(1269,70,'[ALL OK]','2024-06-28 14:00:49','2024-06-28 14:00:49'),(1270,70,'[RUNNING]','2024-06-28 14:00:51','2024-06-28 14:00:51'),(1271,70,'[ALL OK]','2024-06-28 14:00:52','2024-06-28 14:00:52'),(1272,70,'[RUNNING]','2024-06-28 14:00:53','2024-06-28 14:00:53'),(1273,70,'[ALL OK]','2024-06-28 14:00:54','2024-06-28 14:00:54'),(1274,70,'[RUNNING]','2024-06-28 14:00:55','2024-06-28 14:00:55'),(1275,70,'[ALL OK]','2024-06-28 14:00:56','2024-06-28 14:00:56'),(1276,70,'[RUNNING]','2024-06-28 14:00:59','2024-06-28 14:00:59'),(1277,70,'[ALL OK]','2024-06-28 14:01:00','2024-06-28 14:01:00'),(1278,70,'[RUNNING]','2024-06-28 14:01:02','2024-06-28 14:01:02'),(1279,70,'[ALL OK]','2024-06-28 14:01:03','2024-06-28 14:01:03'),(1280,93,'[RUNNING]','2024-06-28 14:55:34','2024-06-28 14:55:34'),(1281,93,'[ALL OK]','2024-06-28 14:55:39','2024-06-28 14:55:39'),(1282,93,'[RUNNING]','2024-06-28 15:06:54','2024-06-28 15:06:54'),(1283,93,'[ALL OK]','2024-06-28 15:06:59','2024-06-28 15:06:59'),(1284,93,'[RUNNING]','2024-06-28 15:07:01','2024-06-28 15:07:01'),(1285,93,'[ALL OK]','2024-06-28 15:07:06','2024-06-28 15:07:06'),(1286,93,'[RUNNING]','2024-06-28 15:07:20','2024-06-28 15:07:20'),(1287,93,'[ALL OK]','2024-06-28 15:07:25','2024-06-28 15:07:25'),(1288,93,'[RUNNING]','2024-06-28 15:09:21','2024-06-28 15:09:21'),(1289,93,'[ALL OK]','2024-06-28 15:09:26','2024-06-28 15:09:26'),(1290,93,'[RUNNING]','2024-06-28 15:09:29','2024-06-28 15:09:29'),(1291,93,'[ALL OK]','2024-06-28 15:09:34','2024-06-28 15:09:34'),(1292,93,'[RUNNING]','2024-06-28 15:09:36','2024-06-28 15:09:36'),(1293,93,'[ALL OK]','2024-06-28 15:09:41','2024-06-28 15:09:41'),(1294,93,'[RUNNING]','2024-06-28 15:12:18','2024-06-28 15:12:18'),(1295,93,'[ALL OK]','2024-06-28 15:12:23','2024-06-28 15:12:23'),(1296,93,'[RUNNING]','2024-06-28 15:15:00','2024-06-28 15:15:00'),(1297,93,'[ALL OK]','2024-06-28 15:15:05','2024-06-28 15:15:05'),(1298,93,'[RUNNING]','2024-06-28 15:20:10','2024-06-28 15:20:10'),(1299,93,'[ALL OK]','2024-06-28 15:20:15','2024-06-28 15:20:15'),(1300,93,'[RUNNING]','2024-06-28 15:20:19','2024-06-28 15:20:19'),(1301,93,'[ALL OK]','2024-06-28 15:20:24','2024-06-28 15:20:24'),(1302,93,'[RUNNING]','2024-06-28 15:21:22','2024-06-28 15:21:22'),(1303,93,'[ALL OK]','2024-06-28 15:21:27','2024-06-28 15:21:27'),(1304,93,'[RUNNING]','2024-06-28 15:24:18','2024-06-28 15:24:18'),(1305,93,'[ALL OK]','2024-06-28 15:24:23','2024-06-28 15:24:23'),(1306,93,'[RUNNING]','2024-06-28 15:26:11','2024-06-28 15:26:11'),(1307,93,'[ALL OK]','2024-06-28 15:26:16','2024-06-28 15:26:16'),(1308,93,'[RUNNING]','2024-06-28 15:27:26','2024-06-28 15:27:26'),(1309,93,'[FINISHED WITH ERRORS]','2024-06-28 15:27:32','2024-06-28 15:27:32'),(1310,93,'[RUNNING]','2024-06-28 15:28:03','2024-06-28 15:28:03'),(1311,93,'[ALL OK]','2024-06-28 15:28:08','2024-06-28 15:28:08'),(1312,93,'[RUNNING]','2024-06-28 15:28:57','2024-06-28 15:28:57'),(1313,93,'[ALL OK]','2024-06-28 15:29:02','2024-06-28 15:29:02'),(1314,93,'[RUNNING]','2024-06-28 15:31:00','2024-06-28 15:31:00'),(1315,93,'[ALL OK]','2024-06-28 15:31:05','2024-06-28 15:31:05'),(1316,93,'[RUNNING]','2024-06-28 15:31:09','2024-06-28 15:31:09'),(1317,93,'[ALL OK]','2024-06-28 15:31:14','2024-06-28 15:31:14'),(1318,83,'[RUNNING]','2024-06-28 15:45:00','2024-06-28 15:45:00'),(1319,83,'[ALL OK]','2024-06-28 15:45:01','2024-06-28 15:45:01'),(1320,83,'[RUNNING]','2024-06-28 15:49:58','2024-06-28 15:49:58'),(1321,83,'[ALL OK]','2024-06-28 15:49:59','2024-06-28 15:49:59'),(1322,83,'[RUNNING]','2024-06-28 15:50:02','2024-06-28 15:50:02'),(1323,83,'[ALL OK]','2024-06-28 15:50:02','2024-06-28 15:50:02'),(1324,83,'[RUNNING]','2024-06-28 15:50:06','2024-06-28 15:50:06'),(1325,83,'[ALL OK]','2024-06-28 15:50:07','2024-06-28 15:50:07'),(1326,83,'[RUNNING]','2024-06-28 15:50:39','2024-06-28 15:50:39'),(1327,83,'[ALL OK]','2024-06-28 15:50:40','2024-06-28 15:50:40'),(1328,83,'[RUNNING]','2024-06-28 15:50:42','2024-06-28 15:50:42'),(1329,83,'[ALL OK]','2024-06-28 15:50:43','2024-06-28 15:50:43'),(1330,93,'[RUNNING]','2024-06-28 15:50:55','2024-06-28 15:50:55'),(1331,83,'[RUNNING]','2024-06-28 15:50:57','2024-06-28 15:50:57'),(1332,83,'[ALL OK]','2024-06-28 15:50:58','2024-06-28 15:50:58'),(1333,93,'[ALL OK]','2024-06-28 15:50:59','2024-06-28 15:50:59'),(1334,83,'[RUNNING]','2024-06-28 15:51:11','2024-06-28 15:51:11'),(1335,83,'[ALL OK]','2024-06-28 15:51:12','2024-06-28 15:51:12'),(1336,83,'[RUNNING]','2024-06-28 15:51:25','2024-06-28 15:51:25'),(1337,83,'[ALL OK]','2024-06-28 15:51:26','2024-06-28 15:51:26'),(1338,83,'[RUNNING]','2024-06-28 15:51:41','2024-06-28 15:51:41'),(1339,83,'[ALL OK]','2024-06-28 15:51:42','2024-06-28 15:51:42'),(1340,83,'[RUNNING]','2024-06-28 15:51:55','2024-06-28 15:51:55'),(1341,83,'[ALL OK]','2024-06-28 15:51:57','2024-06-28 15:51:57'),(1342,83,'[RUNNING]','2024-06-28 15:52:15','2024-06-28 15:52:15'),(1343,83,'[ALL OK]','2024-06-28 15:52:19','2024-06-28 15:52:19'),(1344,83,'[RUNNING]','2024-06-28 15:52:51','2024-06-28 15:52:51'),(1345,83,'[ALL OK]','2024-06-28 15:52:57','2024-06-28 15:52:57'),(1346,83,'[RUNNING]','2024-06-28 15:53:16','2024-06-28 15:53:16'),(1347,83,'[ALL OK]','2024-06-28 15:53:26','2024-06-28 15:53:26'),(1348,83,'[RUNNING]','2024-06-28 15:53:46','2024-06-28 15:53:46'),(1349,83,'[ALL OK]','2024-06-28 15:54:07','2024-06-28 15:54:07'),(1350,83,'[RUNNING]','2024-06-28 15:58:34','2024-06-28 15:58:34'),(1351,83,'[ALL OK]','2024-06-28 15:58:55','2024-06-28 15:58:55'),(1352,83,'[RUNNING]','2024-06-28 16:02:44','2024-06-28 16:02:44'),(1353,83,'[ALL OK]','2024-06-28 16:02:45','2024-06-28 16:02:45'),(1354,83,'[RUNNING]','2024-06-28 16:03:02','2024-06-28 16:03:02'),(1355,83,'[FINISHED WITH ERRORS]','2024-06-28 16:03:04','2024-06-28 16:03:04'),(1356,83,'[RUNNING]','2024-06-28 16:03:15','2024-06-28 16:03:15'),(1357,83,'[NOT OK]','2024-06-28 16:03:17','2024-06-28 16:03:17'),(1358,95,'[RUNNING]','2024-06-28 16:11:53','2024-06-28 16:11:53'),(1359,95,'[NOT OK]','2024-06-28 16:11:57','2024-06-28 16:11:57'),(1360,95,'[RUNNING]','2024-06-28 16:13:16','2024-06-28 16:13:16'),(1361,95,'[NOT OK]','2024-06-28 16:13:20','2024-06-28 16:13:20'),(1362,95,'[RUNNING]','2024-06-28 16:13:52','2024-06-28 16:13:52'),(1363,95,'[ALL OK]','2024-06-28 16:13:52','2024-06-28 16:13:52'),(1364,95,'[RUNNING]','2024-06-28 16:15:46','2024-06-28 16:15:46'),(1365,95,'[ALL OK]','2024-06-28 16:15:47','2024-06-28 16:15:47'),(1366,83,'[RUNNING]','2024-06-28 16:16:32','2024-06-28 16:16:32'),(1367,83,'[ALL OK]','2024-06-28 16:16:34','2024-06-28 16:16:34'),(1368,95,'[RUNNING]','2024-06-28 16:17:03','2024-06-28 16:17:03'),(1369,95,'[NOT OK]','2024-06-28 16:17:07','2024-06-28 16:17:07'),(1370,95,'[RUNNING]','2024-06-28 16:17:27','2024-06-28 16:17:27'),(1371,95,'[ALL OK]','2024-06-28 16:17:27','2024-06-28 16:17:27'),(1372,95,'[RUNNING]','2024-06-28 16:17:49','2024-06-28 16:17:49'),(1373,95,'[ALL OK]','2024-06-28 16:18:15','2024-06-28 16:18:15'),(1374,93,'[RUNNING]','2024-06-28 16:18:24','2024-06-28 16:18:24'),(1375,93,'[ALL OK]','2024-06-28 16:18:29','2024-06-28 16:18:29'),(1376,93,'[RUNNING]','2024-06-28 16:43:44','2024-06-28 16:43:44'),(1377,93,'[ALL OK]','2024-06-28 16:43:49','2024-06-28 16:43:49'),(1378,93,'[RUNNING]','2024-06-28 16:46:28','2024-06-28 16:46:28'),(1379,93,'[ALL OK]','2024-06-28 16:46:33','2024-06-28 16:46:33'),(1380,93,'[RUNNING]','2024-06-28 16:47:02','2024-06-28 16:47:02'),(1381,93,'[ALL OK]','2024-06-28 16:47:07','2024-06-28 16:47:07'),(1382,93,'[RUNNING]','2024-06-28 17:07:01','2024-06-28 17:07:01'),(1383,93,'[ALL OK]','2024-06-28 17:07:07','2024-06-28 17:07:07'),(1384,93,'[RUNNING]','2024-06-28 17:08:08','2024-06-28 17:08:08'),(1385,93,'[ALL OK]','2024-06-28 17:08:13','2024-06-28 17:08:13'),(1386,93,'[RUNNING]','2024-06-28 17:08:15','2024-06-28 17:08:15'),(1387,93,'[ALL OK]','2024-06-28 17:08:21','2024-06-28 17:08:21'),(1388,93,'[RUNNING]','2024-06-28 17:12:09','2024-06-28 17:12:09'),(1389,93,'[FINISHED WITH ERRORS]','2024-06-28 17:12:16','2024-06-28 17:12:16'),(1390,93,'[RUNNING]','2024-06-28 17:18:30','2024-06-28 17:18:30'),(1391,93,'[RUNNING]','2024-06-28 17:18:33','2024-06-28 17:18:33'),(1392,93,'[NOT OK]','2024-06-28 17:18:35','2024-06-28 17:18:35'),(1393,93,'[RUNNING]','2024-06-28 17:19:47','2024-06-28 17:19:47'),(1394,93,'[ALL OK]','2024-06-28 17:19:53','2024-06-28 17:19:53'),(1395,70,'[RUNNING]','2024-06-28 17:22:21','2024-06-28 17:22:21'),(1396,70,'[NOT OK]','2024-06-28 17:22:22','2024-06-28 17:22:22'),(1397,70,'[RUNNING]','2024-06-28 17:22:39','2024-06-28 17:22:39'),(1398,70,'[FINISHED WITH ERRORS]','2024-06-28 17:22:40','2024-06-28 17:22:40'),(1399,70,'[RUNNING]','2024-06-28 17:24:41','2024-06-28 17:24:41'),(1400,70,'[NOT OK]','2024-06-28 17:24:41','2024-06-28 17:24:41'),(1401,93,'[RUNNING]','2024-06-28 17:24:48','2024-06-28 17:24:48'),(1402,70,'[RUNNING]','2024-06-28 17:24:51','2024-06-28 17:24:51'),(1403,70,'[ALL OK]','2024-06-28 17:24:52','2024-06-28 17:24:52'),(1404,93,'[ALL OK]','2024-06-28 17:24:53','2024-06-28 17:24:53'),(1405,70,'[RUNNING]','2024-06-28 17:25:18','2024-06-28 17:25:18'),(1406,70,'[NOT OK]','2024-06-28 17:25:19','2024-06-28 17:25:19'),(1407,70,'[RUNNING]','2024-06-28 17:26:37','2024-06-28 17:26:37'),(1408,70,'[ALL OK]','2024-06-28 17:26:38','2024-06-28 17:26:38'),(1409,70,'[RUNNING]','2024-06-28 17:31:11','2024-06-28 17:31:11'),(1410,70,'[ALL OK]','2024-06-28 17:31:12','2024-06-28 17:31:12'),(1411,70,'[RUNNING]','2024-06-28 17:31:38','2024-06-28 17:31:38'),(1412,70,'[NOT OK]','2024-06-28 17:31:39','2024-06-28 17:31:39'),(1413,70,'[RUNNING]','2024-06-28 17:31:45','2024-06-28 17:31:45'),(1414,70,'[RUNNING]','2024-06-28 17:31:46','2024-06-28 17:31:46'),(1415,70,'[RUNNING]','2024-06-28 17:31:46','2024-06-28 17:31:46'),(1416,70,'[RUNNING]','2024-06-28 17:31:47','2024-06-28 17:31:47'),(1417,70,'[RUNNING]','2024-06-28 17:31:48','2024-06-28 17:31:48'),(1418,70,'[NOT OK]','2024-06-28 17:31:49','2024-06-28 17:31:49'),(1419,70,'[RUNNING]','2024-06-28 17:32:08','2024-06-28 17:32:08'),(1420,70,'[RUNNING]','2024-06-28 17:32:09','2024-06-28 17:32:09'),(1421,70,'[RUNNING]','2024-06-28 17:32:10','2024-06-28 17:32:10'),(1422,70,'[RUNNING]','2024-06-28 17:32:10','2024-06-28 17:32:10'),(1423,70,'[RUNNING]','2024-06-28 17:32:11','2024-06-28 17:32:11'),(1424,70,'[NOT OK]','2024-06-28 17:32:11','2024-06-28 17:32:11'),(1425,70,'[RUNNING]','2024-06-28 17:32:15','2024-06-28 17:32:15'),(1426,70,'[RUNNING]','2024-06-28 17:32:16','2024-06-28 17:32:16'),(1427,70,'[RUNNING]','2024-06-28 17:32:16','2024-06-28 17:32:16'),(1428,70,'[RUNNING]','2024-06-28 17:32:17','2024-06-28 17:32:17'),(1429,70,'[RUNNING]','2024-06-28 17:32:18','2024-06-28 17:32:18'),(1430,70,'[NOT OK]','2024-06-28 17:32:19','2024-06-28 17:32:19'),(1431,93,'[RUNNING]','2024-06-28 17:32:46','2024-06-28 17:32:46'),(1432,70,'[RUNNING]','2024-06-28 17:32:50','2024-06-28 17:32:50'),(1433,70,'[ALL OK]','2024-06-28 17:32:51','2024-06-28 17:32:51'),(1434,93,'[ALL OK]','2024-06-28 17:32:51','2024-06-28 17:32:51'),(1435,84,'[RUNNING]','2024-07-01 11:48:14','2024-07-01 11:48:14'),(1436,84,'[NOT OK]','2024-07-01 11:48:14','2024-07-01 11:48:14'),(1437,84,'[RUNNING]','2024-07-01 11:51:56','2024-07-01 11:51:56'),(1438,84,'[ALL OK]','2024-07-01 11:52:01','2024-07-01 11:52:01'),(1439,84,'[RUNNING]','2024-07-01 11:54:35','2024-07-01 11:54:35'),(1440,84,'[NOT OK]','2024-07-01 11:54:35','2024-07-01 11:54:35'),(1441,83,'[RUNNING]','2024-07-01 12:12:14','2024-07-01 12:12:14'),(1442,83,'[ALL OK]','2024-07-01 12:12:15','2024-07-01 12:12:15'),(1443,83,'[RUNNING]','2024-07-01 12:12:23','2024-07-01 12:12:23'),(1444,83,'[ALL OK]','2024-07-01 12:12:25','2024-07-01 12:12:25'),(1445,83,'[RUNNING]','2024-07-01 12:12:43','2024-07-01 12:12:43'),(1446,83,'[ALL OK]','2024-07-01 12:12:44','2024-07-01 12:12:44'),(1447,83,'[RUNNING]','2024-07-01 12:13:00','2024-07-01 12:13:00'),(1448,83,'[NOT OK]','2024-07-01 12:13:00','2024-07-01 12:13:00'),(1449,83,'[RUNNING]','2024-07-01 12:13:42','2024-07-01 12:13:42'),(1450,83,'[ALL OK]','2024-07-01 12:13:44','2024-07-01 12:13:44'),(1451,83,'[RUNNING]','2024-07-01 12:13:55','2024-07-01 12:13:55'),(1452,83,'[NOT OK]','2024-07-01 12:13:55','2024-07-01 12:13:55'),(1453,84,'[RUNNING]','2024-07-01 12:13:59','2024-07-01 12:13:59'),(1454,84,'[NOT OK]','2024-07-01 12:13:59','2024-07-01 12:13:59'),(1455,84,'[RUNNING]','2024-07-01 12:14:49','2024-07-01 12:14:49'),(1456,84,'[ALL OK]','2024-07-01 12:15:50','2024-07-01 12:15:50'),(1457,84,'[RUNNING]','2024-07-01 12:19:14','2024-07-01 12:19:14'),(1458,84,'[ALL OK]','2024-07-01 12:19:18','2024-07-01 12:19:18'),(1459,84,'[RUNNING]','2024-07-01 12:20:19','2024-07-01 12:20:19'),(1460,84,'[ALL OK]','2024-07-01 12:20:22','2024-07-01 12:20:22'),(1461,84,'[RUNNING]','2024-07-01 12:20:30','2024-07-01 12:20:30'),(1462,84,'[ALL OK]','2024-07-01 12:20:30','2024-07-01 12:20:30'),(1463,84,'[RUNNING]','2024-07-01 12:23:49','2024-07-01 12:23:49'),(1464,84,'[ALL OK]','2024-07-01 12:23:50','2024-07-01 12:23:50'),(1465,84,'[RUNNING]','2024-07-01 12:24:38','2024-07-01 12:24:38'),(1466,84,'[ALL OK]','2024-07-01 12:24:38','2024-07-01 12:24:38'),(1467,84,'[RUNNING]','2024-07-01 12:26:59','2024-07-01 12:26:59'),(1468,84,'[NOT OK]','2024-07-01 12:26:59','2024-07-01 12:26:59'),(1469,84,'[RUNNING]','2024-07-01 12:28:24','2024-07-01 12:28:24'),(1470,84,'[NOT OK]','2024-07-01 12:28:24','2024-07-01 12:28:24'),(1471,84,'[RUNNING]','2024-07-01 12:28:51','2024-07-01 12:28:51'),(1472,84,'[NOT OK]','2024-07-01 12:28:51','2024-07-01 12:28:51'),(1473,84,'[RUNNING]','2024-07-01 12:29:45','2024-07-01 12:29:45'),(1474,84,'[ALL OK]','2024-07-01 12:29:46','2024-07-01 12:29:46'),(1475,84,'[RUNNING]','2024-07-01 12:30:25','2024-07-01 12:30:25'),(1476,84,'[ALL OK]','2024-07-01 12:30:26','2024-07-01 12:30:26'),(1477,84,'[RUNNING]','2024-07-01 12:30:27','2024-07-01 12:30:27'),(1478,84,'[ALL OK]','2024-07-01 12:30:28','2024-07-01 12:30:28'),(1479,84,'[RUNNING]','2024-07-01 12:31:04','2024-07-01 12:31:04'),(1480,84,'[ALL OK]','2024-07-01 12:31:04','2024-07-01 12:31:04'),(1481,83,'[RUNNING]','2024-07-01 12:35:00','2024-07-01 12:35:00'),(1482,83,'[ALL OK]','2024-07-01 12:35:02','2024-07-01 12:35:02'),(1483,84,'[RUNNING]','2024-07-01 12:35:15','2024-07-01 12:35:15'),(1484,84,'[ALL OK]','2024-07-01 12:35:16','2024-07-01 12:35:16'),(1485,83,'[RUNNING]','2024-07-01 12:35:27','2024-07-01 12:35:27'),(1486,83,'[ALL OK]','2024-07-01 12:35:28','2024-07-01 12:35:28'),(1487,84,'[RUNNING]','2024-07-01 12:36:37','2024-07-01 12:36:37'),(1488,84,'[ALL OK]','2024-07-01 12:36:37','2024-07-01 12:36:37'),(1489,96,'[RUNNING]','2024-07-01 12:40:58','2024-07-01 12:40:58'),(1490,96,'[ALL OK]','2024-07-01 12:40:58','2024-07-01 12:40:58'),(1491,84,'[RUNNING]','2024-07-01 13:02:44','2024-07-01 13:02:44'),(1492,84,'[ALL OK]','2024-07-01 13:02:45','2024-07-01 13:02:45'),(1493,84,'[RUNNING]','2024-07-01 13:02:59','2024-07-01 13:02:59'),(1494,84,'[ALL OK]','2024-07-01 13:03:00','2024-07-01 13:03:00'),(1495,84,'[RUNNING]','2024-07-01 13:03:11','2024-07-01 13:03:11'),(1496,84,'[ALL OK]','2024-07-01 13:03:12','2024-07-01 13:03:12'),(1497,84,'[RUNNING]','2024-07-01 13:04:47','2024-07-01 13:04:47'),(1498,84,'[ALL OK]','2024-07-01 13:04:48','2024-07-01 13:04:48'),(1499,84,'[RUNNING]','2024-07-01 13:05:05','2024-07-01 13:05:05'),(1500,84,'[ALL OK]','2024-07-01 13:06:06','2024-07-01 13:06:06'),(1501,84,'[RUNNING]','2024-07-01 13:06:24','2024-07-01 13:06:24'),(1502,84,'[ALL OK]','2024-07-01 13:06:28','2024-07-01 13:06:28'),(1503,96,'[RUNNING]','2024-07-01 13:29:39','2024-07-01 13:29:39'),(1504,96,'[RUNNING]','2024-07-01 13:29:39','2024-07-01 13:29:39'),(1505,96,'[NOT OK]','2024-07-01 13:29:39','2024-07-01 13:29:39'),(1506,84,'[RUNNING]','2024-07-01 13:48:11','2024-07-01 13:48:11'),(1507,84,'[NOT OK]','2024-07-01 13:48:11','2024-07-01 13:48:11'),(1508,84,'[RUNNING]','2024-07-01 13:48:33','2024-07-01 13:48:33'),(1509,84,'[NOT OK]','2024-07-01 13:48:34','2024-07-01 13:48:34'),(1510,84,'[RUNNING]','2024-07-01 16:50:10','2024-07-01 16:50:10'),(1511,84,'[ALL OK]','2024-07-01 16:50:12','2024-07-01 16:50:12'),(1512,84,'[RUNNING]','2024-07-01 16:50:59','2024-07-01 16:50:59'),(1513,84,'[ALL OK]','2024-07-01 16:51:00','2024-07-01 16:51:00'),(1514,84,'[RUNNING]','2024-07-01 16:53:38','2024-07-01 16:53:38'),(1515,84,'[ALL OK]','2024-07-01 16:53:39','2024-07-01 16:53:39'),(1516,96,'[RUNNING]','2024-07-01 16:54:00','2024-07-01 16:54:00'),(1517,96,'[RUNNING]','2024-07-01 16:54:03','2024-07-01 16:54:03'),(1518,96,'[NOT OK]','2024-07-01 16:54:05','2024-07-01 16:54:05'),(1519,96,'[RUNNING]','2024-07-01 17:10:10','2024-07-01 17:10:10'),(1520,96,'[RUNNING]','2024-07-01 17:10:12','2024-07-01 17:10:12'),(1521,96,'[NOT OK]','2024-07-01 17:10:13','2024-07-01 17:10:13'),(1522,96,'[RUNNING]','2024-07-02 09:10:56','2024-07-02 09:10:56'),(1523,96,'[NOT OK]','2024-07-02 09:11:00','2024-07-02 09:11:00'),(1524,84,'[RUNNING]','2024-07-02 09:28:31','2024-07-02 09:28:31'),(1525,84,'[ALL OK]','2024-07-02 09:28:33','2024-07-02 09:28:33'),(1526,84,'[RUNNING]','2024-07-02 09:42:59','2024-07-02 09:42:59'),(1527,84,'[NOT OK]','2024-07-02 09:43:00','2024-07-02 09:43:00'),(1528,84,'[RUNNING]','2024-07-02 09:45:13','2024-07-02 09:45:13'),(1529,84,'[NOT OK]','2024-07-02 09:45:14','2024-07-02 09:45:14'),(1530,84,'[RUNNING]','2024-07-02 09:55:13','2024-07-02 09:55:13'),(1531,84,'[ALL OK]','2024-07-02 09:55:18','2024-07-02 09:55:18'),(1532,84,'[RUNNING]','2024-07-02 09:55:50','2024-07-02 09:55:50'),(1533,84,'[ALL OK]','2024-07-02 09:55:54','2024-07-02 09:55:54'),(1534,84,'[RUNNING]','2024-07-02 09:56:32','2024-07-02 09:56:32'),(1535,84,'[ALL OK]','2024-07-02 09:56:37','2024-07-02 09:56:37'),(1536,84,'[RUNNING]','2024-07-02 09:59:34','2024-07-02 09:59:34'),(1537,84,'[ALL OK]','2024-07-02 09:59:39','2024-07-02 09:59:39'),(1538,84,'[RUNNING]','2024-07-02 09:59:42','2024-07-02 09:59:42'),(1539,84,'[ALL OK]','2024-07-02 09:59:46','2024-07-02 09:59:46'),(1540,84,'[RUNNING]','2024-07-02 10:00:59','2024-07-02 10:00:59'),(1541,84,'[ALL OK]','2024-07-02 10:01:03','2024-07-02 10:01:03'),(1542,84,'[RUNNING]','2024-07-02 10:01:05','2024-07-02 10:01:05'),(1543,84,'[ALL OK]','2024-07-02 10:01:10','2024-07-02 10:01:10'),(1544,84,'[RUNNING]','2024-07-02 10:01:12','2024-07-02 10:01:12'),(1545,84,'[ALL OK]','2024-07-02 10:01:17','2024-07-02 10:01:17'),(1546,84,'[RUNNING]','2024-07-02 10:01:18','2024-07-02 10:01:18'),(1547,84,'[ALL OK]','2024-07-02 10:01:23','2024-07-02 10:01:23'),(1548,84,'[RUNNING]','2024-07-02 10:27:57','2024-07-02 10:27:57'),(1549,84,'[ALL OK]','2024-07-02 10:28:01','2024-07-02 10:28:01'),(1550,84,'[RUNNING]','2024-07-02 10:28:10','2024-07-02 10:28:10'),(1551,84,'[ALL OK]','2024-07-02 10:28:15','2024-07-02 10:28:15'),(1552,84,'[RUNNING]','2024-07-02 10:31:26','2024-07-02 10:31:26'),(1553,84,'[NOT OK]','2024-07-02 10:31:31','2024-07-02 10:31:31'),(1554,84,'[RUNNING]','2024-07-02 10:33:00','2024-07-02 10:33:00'),(1555,84,'[ALL OK]','2024-07-02 10:33:05','2024-07-02 10:33:05'),(1556,96,'[RUNNING]','2024-07-02 10:48:24','2024-07-02 10:48:24'),(1557,96,'[NOT OK]','2024-07-02 10:48:27','2024-07-02 10:48:27'),(1558,96,'[RUNNING]','2024-07-02 10:49:49','2024-07-02 10:49:49'),(1559,96,'[NOT OK]','2024-07-02 10:49:52','2024-07-02 10:49:52'),(1560,96,'[RUNNING]','2024-07-02 10:51:34','2024-07-02 10:51:34'),(1561,96,'[NOT OK]','2024-07-02 10:51:38','2024-07-02 10:51:38'),(1562,96,'[RUNNING]','2024-07-02 10:52:05','2024-07-02 10:52:05'),(1563,96,'[NOT OK]','2024-07-02 10:52:08','2024-07-02 10:52:08'),(1564,96,'[RUNNING]','2024-07-02 10:53:03','2024-07-02 10:53:03'),(1565,96,'[NOT OK]','2024-07-02 10:53:06','2024-07-02 10:53:06'),(1566,96,'[RUNNING]','2024-07-02 10:55:04','2024-07-02 10:55:04'),(1567,96,'[NOT OK]','2024-07-02 10:55:05','2024-07-02 10:55:05'),(1568,96,'[RUNNING]','2024-07-02 10:58:03','2024-07-02 10:58:03'),(1569,96,'[ALL OK]','2024-07-02 10:58:06','2024-07-02 10:58:06'),(1570,96,'[RUNNING]','2024-07-02 11:29:22','2024-07-02 11:29:22'),(1571,96,'[ALL OK]','2024-07-02 11:29:25','2024-07-02 11:29:25'),(1572,96,'[RUNNING]','2024-07-02 11:29:28','2024-07-02 11:29:28'),(1573,96,'[ALL OK]','2024-07-02 11:29:30','2024-07-02 11:29:30'),(1574,97,'[RUNNING]','2024-07-02 11:33:03','2024-07-02 11:33:03'),(1575,97,'[ALL OK]','2024-07-02 11:47:12','2024-07-02 11:47:12'),(1576,97,'[RUNNING]','2024-07-02 11:55:25','2024-07-02 11:55:25'),(1577,97,'[ALL OK]','2024-07-02 12:04:28','2024-07-02 12:04:28'),(1578,95,'[RUNNING]','2024-07-02 12:14:03','2024-07-02 12:14:03'),(1579,95,'[ALL OK]','2024-07-02 12:14:04','2024-07-02 12:14:04'),(1580,97,'[RUNNING]','2024-07-02 17:04:07','2024-07-02 17:04:07'),(1581,97,'[ALL OK]','2024-07-02 17:13:29','2024-07-02 17:13:29');
/*!40000 ALTER TABLE `backup_traces` ENABLE KEYS */;
UNLOCK TABLES;

--
-- Table structure for table `backups`
--

DROP TABLE IF EXISTS `backups`;
/*!40101 SET @saved_cs_client     = @@character_set_client */;
/*!40101 SET character_set_client = utf8 */;
CREATE TABLE `backups` (
  `id` int(11) NOT NULL AUTO_INCREMENT,
  `name` varchar(255) DEFAULT NULL,
  `createdAt` datetime NOT NULL,
  `updatedAt` datetime NOT NULL,
  PRIMARY KEY (`id`)
) ENGINE=InnoDB AUTO_INCREMENT=98 DEFAULT CHARSET=utf8mb4 COLLATE=utf8mb4_general_ci;
/*!40101 SET character_set_client = @saved_cs_client */;

--
-- Dumping data for table `backups`
--

LOCK TABLES `backups` WRITE;
/*!40000 ALTER TABLE `backups` DISABLE KEYS */;
INSERT INTO `backups` VALUES (70,'prueba local','2024-06-20 18:18:15','2024-06-20 18:18:15'),(83,'prueba 2','2024-06-27 17:12:19','2024-06-27 17:12:19'),(84,'prueba 3','2024-06-27 17:12:21','2024-06-27 17:12:21'),(85,'abcde','2024-06-27 17:12:25','2024-06-27 17:12:25'),(86,'hola','2024-06-27 17:12:27','2024-06-27 17:12:27'),(93,'Respaldo 9','2024-06-27 18:21:19','2024-06-27 18:21:19'),(95,'Jesus','2024-06-28 22:07:17','2024-06-28 22:07:17'),(96,'Biomtricos','2024-07-01 18:39:17','2024-07-01 18:39:17'),(97,'Gestin','2024-07-02 17:03:30','2024-07-02 17:03:30');
/*!40000 ALTER TABLE `backups` ENABLE KEYS */;
UNLOCK TABLES;

--
-- Table structure for table `codigos`
--

DROP TABLE IF EXISTS `codigos`;
/*!40101 SET @saved_cs_client     = @@character_set_client */;
/*!40101 SET character_set_client = utf8 */;
CREATE TABLE `codigos` (
  `id` int(11) NOT NULL AUTO_INCREMENT,
  `id_backup` int(11) DEFAULT NULL,
  `no_bloque` int(11) DEFAULT NULL,
  `no_linea` int(11) DEFAULT NULL,
  `linea` varchar(255) DEFAULT NULL,
  `run_as_sudo` tinyint(1) DEFAULT NULL,
  `paralelo` tinyint(1) DEFAULT NULL,
  `createdAt` datetime NOT NULL DEFAULT curdate(),
  `updatedAt` datetime NOT NULL DEFAULT curdate(),
  PRIMARY KEY (`id`),
  KEY `codigos_backups_FK_1` (`id_backup`),
  CONSTRAINT `codigos_backups_FK_1` FOREIGN KEY (`id_backup`) REFERENCES `backups` (`id`) ON DELETE CASCADE ON UPDATE CASCADE
) ENGINE=InnoDB AUTO_INCREMENT=407 DEFAULT CHARSET=utf8mb4 COLLATE=utf8mb4_general_ci;
/*!40101 SET character_set_client = @saved_cs_client */;

--
-- Dumping data for table `codigos`
--

LOCK TABLES `codigos` WRITE;
/*!40000 ALTER TABLE `codigos` DISABLE KEYS */;
INSERT INTO `codigos` VALUES (244,70,1,2,'xfs_mkfile 100M /root/adios_mundo.txt',0,0,'2024-06-21 00:00:00','2024-06-27 15:57:45'),(248,70,1,6,'xfs_mkfile 250M hola_mundo.txt',0,0,'2024-06-21 00:00:00','2024-06-27 15:57:51'),(281,70,6,15,'rm -rf /root/adios_mundo.txt',0,0,'2024-06-26 00:00:00','2024-06-28 23:26:31'),(282,70,6,16,'rm -rf hola_mundo.txt',0,0,'2024-06-26 00:00:00','2024-06-26 00:00:00'),(283,70,2,12,'du -s /root/adios_mundo.txt',0,0,'2024-06-26 00:00:00','2024-06-28 23:32:04'),(284,70,2,13,'du -s hola_mundo.txt',0,0,'2024-06-26 00:00:00','2024-06-28 23:32:04'),(309,83,1,1,'xfs_mkfile 2G $FILENAME',0,0,'2024-06-27 00:00:00','2024-06-28 22:02:41'),(310,84,1,1,'cp -f /etc/environment /etc/environment.autobackup.bak',1,0,'2024-06-27 00:00:00','2024-07-01 22:49:36'),(311,85,1,1,'sleep 5',0,0,'2024-06-27 00:00:00','2024-06-27 00:00:00'),(312,86,1,1,'sleep 8',0,0,'2024-06-27 00:00:00','2024-06-27 00:00:00'),(326,83,2,2,'du -s $FILENAME',0,0,'2024-06-28 00:00:00','2024-06-28 21:49:38'),(327,83,3,3,'rm -rf $FILENAME',0,0,'2024-06-28 00:00:00','2024-06-28 21:49:50'),(329,95,1,1,'xfs_mkfile 100M /root/adios_mundo.txt',0,0,'2024-06-28 00:00:00','2024-06-28 00:00:00'),(330,95,1,2,'du -s /root/adios_mundo.txt',0,0,'2024-06-28 00:00:00','2024-06-28 00:00:00'),(331,95,1,3,'rm -rf /root/adios_mundo.txt',0,0,'2024-06-28 00:00:00','2024-07-02 18:13:51'),(333,93,1,3,'tar -cf %file_name% C:\\\\xampp\\\\htdocs',0,0,'2024-06-28 00:00:00','2024-06-28 22:45:50'),(334,93,1,4,'scp %file_name% backups@10.0.2.12:/mnt/Backups/backups1/backups',0,0,'2024-06-28 00:00:00','2024-06-28 22:46:07'),(335,93,1,5,'dir /s /-c %file_name%',0,0,'2024-06-28 00:00:00','2024-06-28 00:00:00'),(336,93,1,6,'del %file_name%',0,0,'2024-06-28 00:00:00','2024-06-28 00:00:00'),(337,93,1,7,'rmdir C:\\\\xampp\\\\htdocs /q /s',0,0,'2024-06-28 00:00:00','2024-06-28 23:05:49'),(338,93,1,8,'mkdir C:\\\\xampp\\\\htdocs',0,0,'2024-06-28 00:00:00','2024-06-28 23:05:31'),(353,84,2,3,'xfs_mkfile 532M $FILENAME',0,0,'2024-07-01 00:00:00','2024-07-01 19:02:57'),(357,84,1,2,'chmod 646 /etc/environment',1,0,'2024-07-01 00:00:00','2024-07-01 22:53:35'),(358,84,2,4,'rsync -a --rsync-path=\"mkdir -p /mnt/Respaldos_Pure/Test/$YEAR_DIR/$MONTH_DIR/$IP_DIR && rsync\" $FILENAME backups@10.0.2.12:/mnt/Respaldos_Pure/Test/$YEAR_DIR/$MONTH_DIR/$IP_DIR',0,0,'2024-07-01 00:00:00','2024-07-02 16:32:56'),(360,96,1,1,'cp -f /etc/environment /etc/environment.autobackup.bak',1,0,'2024-07-01 00:00:00','2024-07-01 18:59:59'),(361,96,2,2,'docker exec -t bd-postgres pg_dump -U postgres biometricos > /tmp/biometricos.sql',1,0,'2024-07-01 00:00:00','2024-07-01 23:03:57'),(362,96,2,3,'tar -czf $FILENAME /tmp/biometricos.sql',1,0,'2024-07-01 00:00:00','2024-07-01 18:52:42'),(363,96,2,4,'rsync -a --rsync-path=\"mkdir -p /mnt/Respaldos_Pure/Test/$YEAR_DIR/$MONTH_DIR/$IP_DIR && rsync\" $FILENAME backups@10.22.157.67:/mnt/Respaldos_Pure/Test/$YEAR_DIR/$MONTH_DIR/$IP_DIR',0,0,'2024-07-01 00:00:00','2024-07-02 16:51:30'),(364,96,2,5,'mv $FILENAME BIOMETRICOS.tar.gz',1,0,'2024-07-01 00:00:00','2024-07-02 16:19:18'),(365,96,2,6,'du -s BIOMETRICOS.tar.gz',0,0,'2024-07-01 00:00:00','2024-07-02 17:29:10'),(366,96,1,2,'chmod 646 /etc/environment',1,0,'2024-07-01 00:00:00','2024-07-01 22:52:55'),(367,96,1,3,'echo \"TIMESTAMP=$(date +%d%m%Y)\">> /etc/environment',1,0,'2024-07-01 00:00:00','2024-07-02 17:01:53'),(368,96,1,4,'echo \"FILENAME=BIOMETRICOS_$TIMESTAMP.tar.gz\">>/etc/environment',1,0,'2024-07-01 00:00:00','2024-07-01 22:51:53'),(369,96,1,5,'echo \"YEAR_DIR=$(date +%Y)\">>/etc/environment',1,0,'2024-07-01 00:00:00','2024-07-01 23:20:37'),(371,84,1,3,'echo \"TIMESTAMP=$(date +%d_%m_%Y)\">> /etc/environment',1,0,'2024-07-01 00:00:00','2024-07-02 15:22:15'),(372,84,3,6,'mv -f /etc/environment.autobackup.bak /etc/environment',1,0,'2024-07-01 00:00:00','2024-07-01 19:01:23'),(374,96,1,6,'echo \"MONTH_DIR=$(date +%B)\">>/etc/environment',1,0,'2024-07-01 00:00:00','2024-07-01 23:21:25'),(375,84,1,4,'echo \"FILENAME=respaldo_siara_$TIMESTAMP.tar.gz\">> /etc/environment',1,0,'2024-07-01 00:00:00','2024-07-01 22:49:19'),(376,96,1,7,'echo \"IP_DIR=10_22_157_42\">>/etc/environment',1,0,'2024-07-01 00:00:00','2024-07-01 23:04:05'),(377,84,2,6,'mv $FILENAME respaldo_siara.tar.gz',0,0,'2024-07-01 00:00:00','2024-07-02 16:00:44'),(378,84,2,7,'du -s respaldo_siara.tar.gz',0,0,'2024-07-02 00:00:00','2024-07-02 16:00:46'),(379,84,1,5,'echo \"YEAR_DIR=$(date +%Y)\">>/etc/environment',1,0,'2024-07-02 00:00:00','2024-07-02 15:30:30'),(380,84,1,6,'echo \"MONTH_DIR=$(date +%B)\">>/etc/environment',1,0,'2024-07-02 00:00:00','2024-07-02 15:30:30'),(381,84,1,7,'echo \"IP_DIR=10_22_157_42\">>/etc/environment',1,0,'2024-07-02 00:00:00','2024-07-02 15:30:31'),(382,84,2,8,'rm -rf respaldo_siara.tar.gz',0,0,'2024-07-02 00:00:00','2024-07-02 16:00:52'),(383,96,2,7,'rm -rf BIOMETRICOS.tar.gz',1,0,'2024-07-02 00:00:00','2024-07-02 16:19:33'),(384,84,1,8,'chmod 644 /etc/environment',1,0,'2024-07-02 00:00:00','2024-07-02 16:23:40'),(385,96,1,8,'chmod 644 /etc/environment',1,0,'2024-07-02 00:00:00','2024-07-02 16:25:03'),(386,97,1,1,'cp -f /etc/environment /etc/environment.autobackup.bak',1,0,'2024-07-02 00:00:00','2024-07-02 17:29:47'),(391,97,2,6,'docker exec GestionTemporal mkdir -p /var/log/mysql/respaldo/mysql',1,0,'2024-07-02 00:00:00','2024-07-02 17:28:47'),(392,97,2,7,'docker exec GestionTemporal mariabackup --backup --user=root --password=Acceso123 --target-dir=/var/log/mysql/respaldo/mysql',1,0,'2024-07-02 00:00:00','2024-07-02 17:28:48'),(393,97,2,8,'tar -cvf $FILENAME /home/shernandez/Gestion01042023/logs/',1,0,'2024-07-02 00:00:00','2024-07-02 17:28:49'),(394,97,2,9,'rsync -a --rsync-path=\"mkdir -p /mnt/Respaldos_Pure/Test/$IP_DIR/$YEAR_DIR/$MONTH_DIR && rsync\" $FILENAME backups@10.22.157.67:/mnt/Respaldos_Pure/Test/$IP_DIR/$YEAR_DIR/$MONTH_DIR',0,0,'2024-07-02 00:00:00','2024-07-02 17:22:02'),(395,97,2,10,'mv $FILENAME GESTION.tar.gz',1,0,'2024-07-02 00:00:00','2024-07-02 17:28:50'),(396,97,1,2,'chmod 646 /etc/environment',1,0,'2024-07-02 00:00:00','2024-07-02 17:29:48'),(397,97,1,3,'echo \"TIMESTAMP=$(date +%d%m%Y)\">> /etc/environment',1,0,'2024-07-02 00:00:00','2024-07-02 17:29:49'),(398,97,1,4,'echo \"FILENAME=GESTION_$TIMESTAMP.tar.gz\">>/etc/environment',1,0,'2024-07-02 00:00:00','2024-07-02 17:29:49'),(399,97,1,5,'echo \"YEAR_DIR=$(date +%Y)\">>/etc/environment',1,0,'2024-07-02 00:00:00','2024-07-02 17:29:50'),(400,97,1,6,'echo \"MONTH_DIR=$(date +%B)\">>/etc/environment',1,0,'2024-07-02 00:00:00','2024-07-02 17:29:50'),(401,97,1,7,'echo \"IP_DIR=10_22_157_42\">>/etc/environment',1,0,'2024-07-02 00:00:00','2024-07-02 17:29:51'),(402,97,1,8,'chmod 644 /etc/environment',1,0,'2024-07-02 00:00:00','2024-07-02 17:29:51'),(403,97,2,11,'du -s GESTION.tar.gz',0,0,'2024-07-02 00:00:00','2024-07-02 17:47:45'),(404,97,2,12,'rm -rf GESTION.tar.gz',1,0,'2024-07-02 00:00:00','2024-07-02 17:29:42'),(405,97,2,13,'rm -rf /home/shernandez/Gestion01042023/logs/respaldo',1,0,'2024-07-02 00:00:00','2024-07-02 17:29:43');
/*!40000 ALTER TABLE `codigos` ENABLE KEYS */;
UNLOCK TABLES;

--
-- Table structure for table `file_traces`
--

DROP TABLE IF EXISTS `file_traces`;
/*!40101 SET @saved_cs_client     = @@character_set_client */;
/*!40101 SET character_set_client = utf8 */;
CREATE TABLE `file_traces` (
  `id` int(11) NOT NULL AUTO_INCREMENT,
  `id_backup` int(11) DEFAULT NULL,
  `file` varchar(255) DEFAULT NULL,
  `size` int(11) DEFAULT NULL,
  `createdAt` datetime NOT NULL DEFAULT curtime(),
  `updatedAt` datetime NOT NULL DEFAULT curtime(),
  PRIMARY KEY (`id`),
  KEY `file_traces_backups_FK` (`id_backup`),
  CONSTRAINT `file_traces_backups_FK` FOREIGN KEY (`id_backup`) REFERENCES `backups` (`id`) ON DELETE CASCADE ON UPDATE CASCADE
) ENGINE=InnoDB AUTO_INCREMENT=822 DEFAULT CHARSET=utf8mb4 COLLATE=utf8mb4_general_ci;
/*!40101 SET character_set_client = @saved_cs_client */;

--
-- Dumping data for table `file_traces`
--

LOCK TABLES `file_traces` WRITE;
/*!40000 ALTER TABLE `file_traces` DISABLE KEYS */;
INSERT INTO `file_traces` VALUES (336,70,'/root/hola_mundo.txt',82168,'2024-06-24 18:45:05','2024-06-24 18:45:05'),(337,70,'/root/adios_mundo.txt',65116,'2024-06-24 18:45:05','2024-06-24 18:45:05'),(338,70,'/root/hola_mundo.txt',68240,'2024-06-24 18:45:09','2024-06-24 18:45:09'),(339,70,'/root/adios_mundo.txt',106980,'2024-06-24 18:45:09','2024-06-24 18:45:09'),(340,70,'/root/hola_mundo.txt',43344,'2024-06-24 18:45:11','2024-06-24 18:45:11'),(341,70,'/root/adios_mundo.txt',116744,'2024-06-24 18:45:11','2024-06-24 18:45:11'),(342,70,'/root/hola_mundo.txt',51608,'2024-06-24 18:45:13','2024-06-24 18:45:13'),(343,70,'/root/adios_mundo.txt',47480,'2024-06-24 18:45:13','2024-06-24 18:45:13'),(344,70,'/root/hola_mundo.txt',52880,'2024-06-24 18:45:15','2024-06-24 18:45:15'),(345,70,'/root/adios_mundo.txt',117396,'2024-06-24 18:45:15','2024-06-24 18:45:15'),(346,70,'/root/hola_mundo.txt',129980,'2024-06-24 18:45:17','2024-06-24 18:45:17'),(347,70,'/root/adios_mundo.txt',38036,'2024-06-24 18:45:17','2024-06-24 18:45:17'),(348,70,'/root/hola_mundo.txt',42188,'2024-06-24 18:45:19','2024-06-24 18:45:19'),(349,70,'/root/adios_mundo.txt',107536,'2024-06-24 18:45:19','2024-06-24 18:45:19'),(350,70,'/root/hola_mundo.txt',99560,'2024-06-24 18:45:45','2024-06-24 18:45:45'),(351,70,'/root/adios_mundo.txt',125028,'2024-06-24 18:45:45','2024-06-24 18:45:45'),(352,70,'/root/hola_mundo.txt',108532,'2024-06-24 18:45:47','2024-06-24 18:45:47'),(353,70,'/root/adios_mundo.txt',63680,'2024-06-24 18:45:47','2024-06-24 18:45:47'),(354,70,'/root/hola_mundo.txt',23492,'2024-06-24 18:46:28','2024-06-24 18:46:28'),(355,70,'/root/adios_mundo.txt',65468,'2024-06-24 18:46:29','2024-06-24 18:46:29'),(356,70,'/root/hola_mundo.txt',49892,'2024-06-24 18:47:10','2024-06-24 18:47:10'),(357,70,'/root/adios_mundo.txt',111912,'2024-06-24 18:47:10','2024-06-24 18:47:10'),(358,70,'/root/hola_mundo.txt',103772,'2024-06-24 18:48:10','2024-06-24 18:48:10'),(359,70,'/root/adios_mundo.txt',58792,'2024-06-24 18:48:11','2024-06-24 18:48:11'),(360,70,'/root/hola_mundo.txt',15648,'2024-06-24 18:48:14','2024-06-24 18:48:14'),(361,70,'/root/adios_mundo.txt',117944,'2024-06-24 18:48:14','2024-06-24 18:48:14'),(362,70,'/root/hola_mundo.txt',19888,'2024-06-24 18:48:17','2024-06-24 18:48:17'),(363,70,'/root/adios_mundo.txt',38768,'2024-06-24 18:48:17','2024-06-24 18:48:17'),(364,70,'/root/hola_mundo.txt',47092,'2024-06-24 18:48:17','2024-06-24 18:48:17'),(365,70,'/root/hola_mundo.txt',99408,'2024-06-24 18:48:17','2024-06-24 18:48:17'),(366,70,'/root/adios_mundo.txt',29444,'2024-06-24 18:48:17','2024-06-24 18:48:17'),(367,70,'/root/hola_mundo.txt',37636,'2024-06-24 18:48:17','2024-06-24 18:48:17'),(368,70,'/root/adios_mundo.txt',121872,'2024-06-24 18:48:17','2024-06-24 18:48:17'),(369,70,'/root/adios_mundo.txt',51020,'2024-06-24 18:48:17','2024-06-24 18:48:17'),(370,70,'/root/hola_mundo.txt',15464,'2024-06-24 18:48:56','2024-06-24 18:48:56'),(371,70,'/root/adios_mundo.txt',13600,'2024-06-24 18:48:56','2024-06-24 18:48:56'),(372,70,'/root/hola_mundo.txt',75408,'2024-06-24 18:51:54','2024-06-24 18:51:54'),(373,70,'/root/adios_mundo.txt',11304,'2024-06-24 18:51:54','2024-06-24 18:51:54'),(374,70,'/root/hola_mundo.txt',93256,'2024-06-24 18:52:43','2024-06-24 18:52:43'),(375,70,'/root/adios_mundo.txt',82908,'2024-06-24 18:52:44','2024-06-24 18:52:44'),(376,70,'/root/hola_mundo.txt',82156,'2024-06-24 18:53:32','2024-06-24 18:53:32'),(377,70,'/root/adios_mundo.txt',36972,'2024-06-24 18:53:33','2024-06-24 18:53:33'),(378,70,'/root/hola_mundo.txt',97664,'2024-06-24 18:53:45','2024-06-24 18:53:45'),(379,70,'/root/adios_mundo.txt',32380,'2024-06-24 18:53:45','2024-06-24 18:53:45'),(380,70,'/root/hola_mundo.txt',50204,'2024-06-24 18:53:47','2024-06-24 18:53:47'),(381,70,'/root/adios_mundo.txt',43460,'2024-06-24 18:53:47','2024-06-24 18:53:47'),(382,70,'/root/hola_mundo.txt',45904,'2024-06-24 18:53:49','2024-06-24 18:53:49'),(383,70,'/root/adios_mundo.txt',8992,'2024-06-24 18:53:49','2024-06-24 18:53:49'),(384,70,'/root/hola_mundo.txt',119988,'2024-06-24 18:53:52','2024-06-24 18:53:52'),(385,70,'/root/adios_mundo.txt',33116,'2024-06-24 18:53:52','2024-06-24 18:53:52'),(386,70,'adios_mundo.txt',36020,'2024-06-24 18:56:10','2024-06-24 18:56:10'),(387,70,'hola_mundo.txt',86400,'2024-06-24 18:56:10','2024-06-24 18:56:10'),(388,70,'hola_mundo.txt',107852,'2024-06-24 18:56:17','2024-06-24 18:56:17'),(389,70,'adios_mundo.txt',49396,'2024-06-24 18:56:17','2024-06-24 18:56:17'),(390,70,'/root/adios_mundo.txt',102036,'2024-06-24 18:56:44','2024-06-24 18:56:44'),(391,70,'hola_mundo.txt',119564,'2024-06-24 18:56:44','2024-06-24 18:56:44'),(392,70,'/root/adios_mundo.txt',12388,'2024-06-24 18:56:46','2024-06-24 18:56:46'),(393,70,'hola_mundo.txt',108424,'2024-06-24 18:56:46','2024-06-24 18:56:46'),(394,70,'hola_mundo.txt',64832,'2024-06-24 18:56:48','2024-06-24 18:56:48'),(395,70,'/root/adios_mundo.txt',53972,'2024-06-24 18:56:48','2024-06-24 18:56:48'),(396,70,'/root/hola_mundo.txt',115588,'2024-06-24 18:57:06','2024-06-24 18:57:06'),(397,70,'/root/adios_mundo.txt',84960,'2024-06-24 18:57:06','2024-06-24 18:57:06'),(398,70,'hola_mundo.txt',16056,'2024-06-24 18:57:27','2024-06-24 18:57:27'),(399,70,'adios_mundo.txt',53060,'2024-06-24 18:57:27','2024-06-24 18:57:27'),(400,70,'hola_mundo.txt',117436,'2024-06-24 18:57:28','2024-06-24 18:57:28'),(401,70,'adios_mundo.txt',70440,'2024-06-24 18:57:28','2024-06-24 18:57:28'),(402,70,'adios_mundo.txt',28760,'2024-06-24 18:57:37','2024-06-24 18:57:37'),(403,70,'hola_mundo.txt',18864,'2024-06-24 18:57:37','2024-06-24 18:57:37'),(404,70,'adios_mundo.txt',109860,'2024-06-24 18:57:39','2024-06-24 18:57:39'),(405,70,'hola_mundo.txt',111400,'2024-06-24 18:57:39','2024-06-24 18:57:39'),(406,70,'adios_mundo.txt',123456,'2024-06-24 18:58:17','2024-06-24 18:58:17'),(407,70,'hola_mundo.txt',118692,'2024-06-24 18:58:17','2024-06-24 18:58:17'),(408,70,'hola_mundo.txt',17872,'2024-06-24 18:58:20','2024-06-24 18:58:20'),(409,70,'adios_mundo.txt',51236,'2024-06-24 18:58:20','2024-06-24 18:58:20'),(410,70,'adios_mundo.txt',107408,'2024-06-24 19:07:26','2024-06-24 19:07:26'),(411,70,'adios_mundo.txt',96244,'2024-06-24 19:07:28','2024-06-24 19:07:28'),(412,70,'hola_mundo.txt',55580,'2024-06-24 19:09:00','2024-06-24 19:09:00'),(413,70,'adios_mundo.txt',53344,'2024-06-24 19:09:00','2024-06-24 19:09:00'),(414,70,'adios_mundo.txt',74592,'2024-06-24 19:09:05','2024-06-24 19:09:05'),(415,70,'hola_mundo.txt',19784,'2024-06-24 19:09:05','2024-06-24 19:09:05'),(416,70,'hola_mundo.txt',70944,'2024-06-24 19:09:07','2024-06-24 19:09:07'),(417,70,'adios_mundo.txt',69864,'2024-06-24 19:09:07','2024-06-24 19:09:07'),(418,70,'hola_mundo.txt',98972,'2024-06-25 15:40:44','2024-06-25 15:40:44'),(419,70,'adios_mundo.txt',67636,'2024-06-25 15:40:44','2024-06-25 15:40:44'),(420,70,'adios_mundo.txt',17788,'2024-06-25 15:42:10','2024-06-25 15:42:10'),(421,70,'hola_mundo.txt',75316,'2024-06-25 15:42:10','2024-06-25 15:42:10'),(422,70,'hola_mundo.txt',119088,'2024-06-25 15:43:03','2024-06-25 15:43:03'),(423,70,'adios_mundo.txt',21564,'2024-06-25 15:43:03','2024-06-25 15:43:03'),(424,70,'hola_mundo.txt',93896,'2024-06-25 15:45:17','2024-06-25 15:45:17'),(425,70,'adios_mundo.txt',73944,'2024-06-25 15:45:17','2024-06-25 15:45:17'),(426,70,'hola_mundo.txt',107052,'2024-06-25 15:45:22','2024-06-25 15:45:22'),(427,70,'adios_mundo.txt',4540,'2024-06-25 15:45:22','2024-06-25 15:45:22'),(428,70,'hola_mundo.txt',125384,'2024-06-26 11:13:45','2024-06-26 11:13:45'),(429,70,'adios_mundo.txt',97316,'2024-06-26 11:13:45','2024-06-26 11:13:45'),(430,70,'/root/hola_mundo.txt',72448,'2024-06-26 11:15:10','2024-06-26 11:15:10'),(431,70,'/root/adios_mundo.txt',14072,'2024-06-26 11:15:10','2024-06-26 11:15:10'),(432,70,'/root/hola_mundo.txt',90808,'2024-06-26 11:15:12','2024-06-26 11:15:12'),(433,70,'/root/adios_mundo.txt',5812,'2024-06-26 11:15:12','2024-06-26 11:15:12'),(434,70,'/root/hola_mundo.txt',35100,'2024-06-26 11:15:13','2024-06-26 11:15:13'),(435,70,'/root/adios_mundo.txt',122812,'2024-06-26 11:15:13','2024-06-26 11:15:13'),(436,70,'/root/hola_mundo.txt',74948,'2024-06-26 11:15:16','2024-06-26 11:15:16'),(437,70,'/root/adios_mundo.txt',13264,'2024-06-26 11:15:16','2024-06-26 11:15:16'),(438,70,'/root/hola_mundo.txt',36856,'2024-06-26 11:15:17','2024-06-26 11:15:17'),(439,70,'/root/adios_mundo.txt',106084,'2024-06-26 11:15:17','2024-06-26 11:15:17'),(440,70,'/root/hola_mundo.txt',1216,'2024-06-26 11:15:27','2024-06-26 11:15:27'),(441,70,'/root/adios_mundo.txt',129688,'2024-06-26 11:15:27','2024-06-26 11:15:27'),(442,70,'/root/hola_mundo.txt',87256,'2024-06-26 11:15:29','2024-06-26 11:15:29'),(443,70,'/root/adios_mundo.txt',68348,'2024-06-26 11:15:29','2024-06-26 11:15:29'),(444,70,'/root/hola_mundo.txt',41944,'2024-06-26 11:15:31','2024-06-26 11:15:31'),(445,70,'/root/adios_mundo.txt',105376,'2024-06-26 11:15:31','2024-06-26 11:15:31'),(446,70,'.',28,'2024-06-26 12:06:39','2024-06-26 12:06:39'),(447,70,'.',28,'2024-06-26 12:06:39','2024-06-26 12:06:39'),(448,70,'.',28,'2024-06-26 12:07:50','2024-06-26 12:07:50'),(449,70,'.',28,'2024-06-26 12:07:50','2024-06-26 12:07:50'),(450,70,'.',28,'2024-06-26 12:08:40','2024-06-26 12:08:40'),(451,70,'.',28,'2024-06-26 12:08:40','2024-06-26 12:08:40'),(452,70,'.',28,'2024-06-26 12:09:18','2024-06-26 12:09:18'),(453,70,'.',28,'2024-06-26 12:09:18','2024-06-26 12:09:18'),(454,70,'.',28,'2024-06-26 12:10:43','2024-06-26 12:10:43'),(455,70,'.',28,'2024-06-26 12:10:43','2024-06-26 12:10:43'),(456,70,'.',28,'2024-06-26 12:12:03','2024-06-26 12:12:03'),(457,70,'.',28,'2024-06-26 12:12:03','2024-06-26 12:12:03'),(458,70,'.',28,'2024-06-26 12:14:00','2024-06-26 12:14:00'),(459,70,'.',28,'2024-06-26 12:14:00','2024-06-26 12:14:00'),(460,70,'.',28,'2024-06-26 12:14:04','2024-06-26 12:14:04'),(461,70,'.',28,'2024-06-26 12:14:04','2024-06-26 12:14:04'),(462,70,'.',28,'2024-06-26 12:14:09','2024-06-26 12:14:09'),(463,70,'.',28,'2024-06-26 12:14:09','2024-06-26 12:14:09'),(464,70,'.',28,'2024-06-26 12:15:38','2024-06-26 12:15:38'),(465,70,'.',28,'2024-06-26 12:15:38','2024-06-26 12:15:38'),(466,70,'.',28,'2024-06-26 12:19:38','2024-06-26 12:19:38'),(467,70,'.',28,'2024-06-26 12:19:38','2024-06-26 12:19:38'),(468,70,'/root/adios_mundo.txt',8204,'2024-06-26 12:26:58','2024-06-26 12:26:58'),(469,70,'hola_mundo.txt',122580,'2024-06-26 12:26:58','2024-06-26 12:26:58'),(470,70,'/root/adios_mundo.txt',54864,'2024-06-26 12:27:04','2024-06-26 12:27:04'),(471,70,'hola_mundo.txt',42832,'2024-06-26 12:27:04','2024-06-26 12:27:04'),(472,70,'/root/adios_mundo.txt',89088,'2024-06-26 12:27:10','2024-06-26 12:27:10'),(473,70,'hola_mundo.txt',65796,'2024-06-26 12:27:10','2024-06-26 12:27:10'),(474,70,'.',41196,'2024-06-26 12:28:15','2024-06-26 12:28:15'),(475,70,'.',41196,'2024-06-26 12:28:15','2024-06-26 12:28:15'),(476,70,'.',117616,'2024-06-26 12:28:25','2024-06-26 12:28:25'),(477,70,'.',117616,'2024-06-26 12:28:25','2024-06-26 12:28:25'),(478,70,'.',119144,'2024-06-26 12:28:27','2024-06-26 12:28:27'),(479,70,'.',119144,'2024-06-26 12:28:27','2024-06-26 12:28:27'),(480,70,'.',111328,'2024-06-26 12:28:39','2024-06-26 12:28:39'),(481,70,'.',111328,'2024-06-26 12:28:39','2024-06-26 12:28:39'),(482,70,'.',115076,'2024-06-26 12:28:43','2024-06-26 12:28:43'),(483,70,'.',115076,'2024-06-26 12:28:43','2024-06-26 12:28:43'),(484,70,'.',220952,'2024-06-26 12:28:46','2024-06-26 12:28:46'),(485,70,'.',220952,'2024-06-26 12:28:46','2024-06-26 12:28:46'),(486,70,'.',38236,'2024-06-26 12:29:19','2024-06-26 12:29:19'),(487,70,'.',38236,'2024-06-26 12:29:19','2024-06-26 12:29:19'),(488,70,'.',200532,'2024-06-26 12:29:21','2024-06-26 12:29:21'),(489,70,'.',200532,'2024-06-26 12:29:21','2024-06-26 12:29:21'),(490,70,'.',27144,'2024-06-26 12:29:25','2024-06-26 12:29:25'),(491,70,'.',27144,'2024-06-26 12:29:25','2024-06-26 12:29:25'),(492,70,'.',220716,'2024-06-26 12:33:06','2024-06-26 12:33:06'),(493,70,'.',220716,'2024-06-26 12:33:06','2024-06-26 12:33:06'),(494,70,'.',120900,'2024-06-26 12:34:01','2024-06-26 12:34:01'),(495,70,'.',120900,'2024-06-26 12:34:01','2024-06-26 12:34:01'),(496,70,'.',157920,'2024-06-26 12:36:11','2024-06-26 12:36:11'),(497,70,'.',157920,'2024-06-26 12:36:11','2024-06-26 12:36:11'),(498,70,'.',78464,'2024-06-26 12:40:31','2024-06-26 12:40:31'),(499,70,'.',78464,'2024-06-26 12:40:31','2024-06-26 12:40:31'),(500,70,'.',197524,'2024-06-26 12:42:51','2024-06-26 12:42:51'),(501,70,'.',197524,'2024-06-26 12:42:51','2024-06-26 12:42:51'),(502,70,'.',100504,'2024-06-26 12:46:48','2024-06-26 12:46:48'),(503,70,'.',100504,'2024-06-26 12:46:48','2024-06-26 12:46:48'),(504,70,'.',235448,'2024-06-26 13:15:55','2024-06-26 13:15:55'),(505,70,'.',235448,'2024-06-26 13:15:55','2024-06-26 13:15:55'),(506,70,'.',65580,'2024-06-26 13:17:33','2024-06-26 13:17:33'),(507,70,'.',65580,'2024-06-26 13:17:34','2024-06-26 13:17:34'),(508,70,'.',135600,'2024-06-26 13:17:40','2024-06-26 13:17:40'),(509,70,'.',135600,'2024-06-26 13:17:40','2024-06-26 13:17:40'),(510,70,'.',112304,'2024-06-26 13:18:02','2024-06-26 13:18:02'),(511,70,'.',112304,'2024-06-26 13:18:02','2024-06-26 13:18:02'),(512,70,'.',73352,'2024-06-26 13:18:04','2024-06-26 13:18:04'),(513,70,'.',73352,'2024-06-26 13:18:04','2024-06-26 13:18:04'),(514,70,'.',201328,'2024-06-26 13:18:06','2024-06-26 13:18:06'),(515,70,'.',201328,'2024-06-26 13:18:06','2024-06-26 13:18:06'),(516,70,'/root/adios_mundo.txt',59988,'2024-06-26 13:18:24','2024-06-26 13:18:24'),(517,70,'hola_mundo.txt',61564,'2024-06-26 13:18:24','2024-06-26 13:18:24'),(518,70,'/root/adios_mundo.txt',13336,'2024-06-26 13:18:27','2024-06-26 13:18:27'),(519,70,'hola_mundo.txt',66380,'2024-06-26 13:18:27','2024-06-26 13:18:27'),(520,70,'/root/adios_mundo.txt',42800,'2024-06-26 13:18:30','2024-06-26 13:18:30'),(521,70,'hola_mundo.txt',37640,'2024-06-26 13:18:30','2024-06-26 13:18:30'),(560,70,'/root/adios_mundo.txt',1048576,'2024-06-26 15:07:09','2024-06-26 15:07:09'),(561,70,'hola_mundo.txt',6164,'2024-06-26 15:07:09','2024-06-26 15:07:09'),(562,70,'/root/adios_mundo.txt',0,'2024-06-26 15:12:28','2024-06-26 15:12:28'),(563,70,'hola_mundo.txt',77244,'2024-06-26 15:12:28','2024-06-26 15:12:28'),(564,70,'/root/adios_mundo.txt',0,'2024-06-26 15:12:32','2024-06-26 15:12:32'),(565,70,'hola_mundo.txt',21700,'2024-06-26 15:12:32','2024-06-26 15:12:32'),(566,70,'/root/adios_mundo.txt',2097152,'2024-06-26 15:12:57','2024-06-26 15:12:57'),(567,70,'hola_mundo.txt',84916,'2024-06-26 15:12:57','2024-06-26 15:12:57'),(568,70,'/root/adios_mundo.txt',2097152,'2024-06-26 15:13:00','2024-06-26 15:13:00'),(569,70,'hola_mundo.txt',49652,'2024-06-26 15:13:00','2024-06-26 15:13:00'),(570,70,'/root/adios_mundo.txt',10485760,'2024-06-26 15:18:18','2024-06-26 15:18:18'),(571,70,'hola_mundo.txt',79132,'2024-06-26 15:18:18','2024-06-26 15:18:18'),(572,70,'/root/adios_mundo.txt',26214400,'2024-06-26 15:18:47','2024-06-26 15:18:47'),(573,70,'hola_mundo.txt',110124,'2024-06-26 15:18:47','2024-06-26 15:18:47'),(574,70,'/root/adios_mundo.txt',26214400,'2024-06-26 15:20:39','2024-06-26 15:20:39'),(575,70,'hola_mundo.txt',62220,'2024-06-26 15:20:39','2024-06-26 15:20:39'),(576,70,'/root/adios_mundo.txt',26214400,'2024-06-26 15:20:52','2024-06-26 15:20:52'),(577,70,'hola_mundo.txt',43084,'2024-06-26 15:20:52','2024-06-26 15:20:52'),(578,70,'/root/adios_mundo.txt',31457284,'2024-06-26 15:21:13','2024-06-26 15:21:13'),(579,70,'hola_mundo.txt',96388,'2024-06-26 15:21:13','2024-06-26 15:21:13'),(603,70,'/root/adios_mundo.txt',31457284,'2024-06-26 17:38:14','2024-06-26 17:38:14'),(604,70,'hola_mundo.txt',72352,'2024-06-26 17:38:14','2024-06-26 17:38:14'),(605,70,'/root/adios_mundo.txt',1048576,'2024-06-26 17:38:43','2024-06-26 17:38:43'),(606,70,'hola_mundo.txt',105716,'2024-06-26 17:38:43','2024-06-26 17:38:43'),(607,70,'/root/adios_mundo.txt',1048576,'2024-06-26 17:39:11','2024-06-26 17:39:11'),(608,70,'hola_mundo.txt',24784,'2024-06-26 17:39:11','2024-06-26 17:39:11'),(609,70,'/root/adios_mundo.txt',1048576,'2024-06-26 17:39:14','2024-06-26 17:39:14'),(610,70,'hola_mundo.txt',17996,'2024-06-26 17:39:14','2024-06-26 17:39:14'),(611,70,'/root/adios_mundo.txt',1048576,'2024-06-26 17:39:16','2024-06-26 17:39:16'),(612,70,'hola_mundo.txt',65428,'2024-06-26 17:39:16','2024-06-26 17:39:16'),(613,70,'/root/adios_mundo.txt',1048576,'2024-06-26 17:39:26','2024-06-26 17:39:26'),(614,70,'hola_mundo.txt',73504,'2024-06-26 17:39:26','2024-06-26 17:39:26'),(618,70,'/root/adios_mundo.txt',1048576,'2024-06-26 17:48:31','2024-06-26 17:48:31'),(619,70,'hola_mundo.txt',81724,'2024-06-26 17:48:31','2024-06-26 17:48:31'),(620,70,'/root/adios_mundo.txt',1048576,'2024-06-26 17:49:08','2024-06-26 17:49:08'),(621,70,'hola_mundo.txt',57596,'2024-06-26 17:49:08','2024-06-26 17:49:08'),(622,70,'/root/adios_mundo.txt',1048576,'2024-06-26 17:51:27','2024-06-26 17:51:27'),(623,70,'hola_mundo.txt',61420,'2024-06-26 17:51:27','2024-06-26 17:51:27'),(624,70,'/root/adios_mundo.txt',1048576,'2024-06-26 17:51:48','2024-06-26 17:51:48'),(625,70,'hola_mundo.txt',68232,'2024-06-26 17:51:48','2024-06-26 17:51:48'),(626,70,'/root/adios_mundo.txt',1048576,'2024-06-26 17:54:16','2024-06-26 17:54:16'),(627,70,'hola_mundo.txt',94588,'2024-06-26 17:54:16','2024-06-26 17:54:16'),(628,70,'/root/adios_mundo.txt',1048576,'2024-06-26 17:54:18','2024-06-26 17:54:18'),(629,70,'hola_mundo.txt',101716,'2024-06-26 17:54:18','2024-06-26 17:54:18'),(633,70,'/root/adios_mundo.txt',1048576,'2024-06-27 09:18:22','2024-06-27 09:18:22'),(634,70,'hola_mundo.txt',18096,'2024-06-27 09:18:22','2024-06-27 09:18:22'),(635,70,'/root/adios_mundo.txt',1048576,'2024-06-27 09:48:26','2024-06-27 09:48:26'),(636,70,'hola_mundo.txt',113776,'2024-06-27 09:48:26','2024-06-27 09:48:26'),(637,70,'/root/adios_mundo.txt',102400,'2024-06-27 09:57:56','2024-06-27 09:57:56'),(638,70,'hola_mundo.txt',256000,'2024-06-27 09:57:56','2024-06-27 09:57:56'),(639,70,'/root/adios_mundo.txt',102400,'2024-06-27 09:57:59','2024-06-27 09:57:59'),(640,70,'hola_mundo.txt',256000,'2024-06-27 09:57:59','2024-06-27 09:57:59'),(641,70,'/root/adios_mundo.txt',102400,'2024-06-27 09:58:18','2024-06-27 09:58:18'),(642,70,'hola_mundo.txt',256000,'2024-06-27 09:58:18','2024-06-27 09:58:18'),(643,70,'/root/adios_mundo.txt',102400,'2024-06-27 10:35:20','2024-06-27 10:35:20'),(644,70,'hola_mundo.txt',256000,'2024-06-27 10:35:20','2024-06-27 10:35:20'),(645,70,'/root/adios_mundo.txt',102400,'2024-06-27 10:36:27','2024-06-27 10:36:27'),(646,70,'hola_mundo.txt',256000,'2024-06-27 10:36:27','2024-06-27 10:36:27'),(647,70,'/root/adios_mundo.txt',102400,'2024-06-27 10:46:52','2024-06-27 10:46:52'),(648,70,'hola_mundo.txt',256000,'2024-06-27 10:46:52','2024-06-27 10:46:52'),(649,70,'/root/adios_mundo.txt',102400,'2024-06-27 10:51:07','2024-06-27 10:51:07'),(650,70,'hola_mundo.txt',256000,'2024-06-27 10:51:07','2024-06-27 10:51:07'),(651,70,'/root/adios_mundo.txt',102400,'2024-06-27 10:54:42','2024-06-27 10:54:42'),(652,70,'hola_mundo.txt',256000,'2024-06-27 10:54:42','2024-06-27 10:54:42'),(653,70,'/root/adios_mundo.txt',102400,'2024-06-27 10:55:02','2024-06-27 10:55:02'),(654,70,'hola_mundo.txt',256000,'2024-06-27 10:55:02','2024-06-27 10:55:02'),(655,70,'/root/adios_mundo.txt',102400,'2024-06-27 11:15:52','2024-06-27 11:15:52'),(656,70,'hola_mundo.txt',256000,'2024-06-27 11:15:52','2024-06-27 11:15:52'),(657,70,'/root/adios_mundo.txt',102400,'2024-06-27 11:19:37','2024-06-27 11:19:37'),(658,70,'hola_mundo.txt',256000,'2024-06-27 11:19:37','2024-06-27 11:19:37'),(659,70,'/root/adios_mundo.txt',102400,'2024-06-27 11:30:30','2024-06-27 11:30:30'),(660,70,'hola_mundo.txt',256000,'2024-06-27 11:30:30','2024-06-27 11:30:30'),(661,70,'/root/adios_mundo.txt',102400,'2024-06-27 12:03:18','2024-06-27 12:03:18'),(662,70,'hola_mundo.txt',256000,'2024-06-27 12:03:18','2024-06-27 12:03:18'),(663,70,'/root/adios_mundo.txt',102400,'2024-06-27 16:21:28','2024-06-27 16:21:28'),(664,70,'hola_mundo.txt',256000,'2024-06-27 16:21:28','2024-06-27 16:21:28'),(665,70,'/root/adios_mundo.txt',102400,'2024-06-27 16:21:43','2024-06-27 16:21:43'),(666,70,'hola_mundo.txt',256000,'2024-06-27 16:21:43','2024-06-27 16:21:43'),(667,70,'/root/adios_mundo.txt',102400,'2024-06-27 16:21:45','2024-06-27 16:21:45'),(668,70,'hola_mundo.txt',256000,'2024-06-27 16:21:45','2024-06-27 16:21:45'),(669,70,'/root/adios_mundo.txt',102400,'2024-06-27 16:21:48','2024-06-27 16:21:48'),(670,70,'hola_mundo.txt',256000,'2024-06-27 16:21:48','2024-06-27 16:21:48'),(671,70,'/root/adios_mundo.txt',102400,'2024-06-27 16:21:50','2024-06-27 16:21:50'),(672,70,'hola_mundo.txt',256000,'2024-06-27 16:21:50','2024-06-27 16:21:50'),(673,70,'/root/adios_mundo.txt',102400,'2024-06-27 16:21:54','2024-06-27 16:21:54'),(674,70,'hola_mundo.txt',256000,'2024-06-27 16:21:54','2024-06-27 16:21:54'),(675,70,'/root/adios_mundo.txt',102400,'2024-06-27 16:21:56','2024-06-27 16:21:56'),(676,70,'hola_mundo.txt',256000,'2024-06-27 16:21:56','2024-06-27 16:21:56'),(677,70,'/root/adios_mundo.txt',102400,'2024-06-27 16:30:17','2024-06-27 16:30:17'),(678,70,'hola_mundo.txt',256000,'2024-06-27 16:30:17','2024-06-27 16:30:17'),(685,93,'salida.tar',11793,'2024-06-28 15:06:59','2024-06-28 15:06:59'),(686,93,'salida.tar',11793,'2024-06-28 15:07:06','2024-06-28 15:07:06'),(687,93,'salida.tar',11793,'2024-06-28 15:07:25','2024-06-28 15:07:25'),(688,93,'salida.tar',11793,'2024-06-28 15:09:26','2024-06-28 15:09:26'),(689,93,'salida.tar',11793,'2024-06-28 15:09:34','2024-06-28 15:09:34'),(690,93,'salida.tar',11793,'2024-06-28 15:09:40','2024-06-28 15:09:40'),(691,93,'salida.tar',11793,'2024-06-28 15:12:23','2024-06-28 15:12:23'),(692,93,'salida.tar',11793,'2024-06-28 15:15:05','2024-06-28 15:15:05'),(693,93,'backup1.tar',11793,'2024-06-28 15:20:15','2024-06-28 15:20:15'),(694,93,'backup1.tar',11793,'2024-06-28 15:20:24','2024-06-28 15:20:24'),(695,93,'backup3.tar',11793,'2024-06-28 15:21:27','2024-06-28 15:21:27'),(696,93,'backup3.tar',11793,'2024-06-28 15:24:23','2024-06-28 15:24:23'),(697,93,'backup3.tar',11793,'2024-06-28 15:26:16','2024-06-28 15:26:16'),(698,93,'backup3.tar',11793,'2024-06-28 15:27:31','2024-06-28 15:27:31'),(699,93,'backup3.tar',11793,'2024-06-28 15:28:08','2024-06-28 15:28:08'),(700,93,'backup3.tar',11793,'2024-06-28 15:29:02','2024-06-28 15:29:02'),(701,83,'respaldo_2024.txt',102400,'2024-06-28 15:49:59','2024-06-28 15:49:59'),(702,83,'respaldo_2024.txt',102400,'2024-06-28 15:50:02','2024-06-28 15:50:02'),(703,83,'respaldo_2024.txt',102400,'2024-06-28 15:50:07','2024-06-28 15:50:07'),(704,83,'respaldo_2024.txt',204800,'2024-06-28 15:50:39','2024-06-28 15:50:39'),(705,83,'respaldo_2024.txt',204800,'2024-06-28 15:50:43','2024-06-28 15:50:43'),(706,83,'respaldo_2024.txt',409600,'2024-06-28 15:50:58','2024-06-28 15:50:58'),(707,83,'respaldo_2024.txt',819200,'2024-06-28 15:51:12','2024-06-28 15:51:12'),(708,83,'respaldo_2024.txt',0,'2024-06-28 15:51:26','2024-06-28 15:51:26'),(709,83,'respaldo_2024.txt',1638400,'2024-06-28 15:51:42','2024-06-28 15:51:42'),(710,83,'respaldo_2024.txt',3276800,'2024-06-28 15:51:57','2024-06-28 15:51:57'),(711,83,'respaldo_2024.txt',6553600,'2024-06-28 15:52:18','2024-06-28 15:52:18'),(712,83,'respaldo_2024.txt',13107200,'2024-06-28 15:52:56','2024-06-28 15:52:56'),(713,83,'respaldo_2024.txt',25165828,'2024-06-28 15:53:25','2024-06-28 15:53:25'),(714,83,'respaldo_2024.txt',52428804,'2024-06-28 15:54:07','2024-06-28 15:54:07'),(715,83,'respaldo_2024.txt',52428804,'2024-06-28 15:58:54','2024-06-28 15:58:54'),(716,83,'respaldo_2024.txt',2097152,'2024-06-28 16:02:45','2024-06-28 16:02:45'),(717,83,'respaldo_2024.txt',2097152,'2024-06-28 16:03:03','2024-06-28 16:03:03'),(718,95,'/root/adios_mundo.txt',102400,'2024-06-28 16:15:46','2024-06-28 16:15:46'),(719,95,'/root/adios_mundo.txt',102400,'2024-06-28 16:15:47','2024-06-28 16:15:47'),(720,83,'respaldo_2024.txt',2097152,'2024-06-28 16:16:33','2024-06-28 16:16:33'),(721,95,'/root/adios_mundo.txt',102400,'2024-06-28 16:17:27','2024-06-28 16:17:27'),(722,95,'/root/adios_mundo.txt',102400,'2024-06-28 16:17:27','2024-06-28 16:17:27'),(723,95,'/root/adios_mundo.txt',102400,'2024-06-28 16:17:50','2024-06-28 16:17:50'),(724,95,'/root/adios_mundo.txt',102400,'2024-06-28 16:17:50','2024-06-28 16:17:50'),(725,93,'backup3.tar',11793,'2024-06-28 16:46:33','2024-06-28 16:46:33'),(726,93,'backup3.tar',11793,'2024-06-28 16:47:07','2024-06-28 16:47:07'),(727,93,'backup3.tar',11793,'2024-06-28 17:07:06','2024-06-28 17:07:06'),(728,93,'backup4.tar',1,'2024-06-28 17:08:13','2024-06-28 17:08:13'),(729,93,'backup4.tar',1,'2024-06-28 17:08:20','2024-06-28 17:08:20'),(730,93,'backup4.tar',2,'2024-06-28 17:12:15','2024-06-28 17:12:15'),(731,93,'backup4.tar',2,'2024-06-28 17:19:53','2024-06-28 17:19:53'),(732,70,'/root/adios_mundo.txt',102400,'2024-06-28 17:22:21','2024-06-28 17:22:21'),(733,70,'hola_mundo.txt',256000,'2024-06-28 17:22:22','2024-06-28 17:22:22'),(734,70,'/root/adios_mundo.txt',102400,'2024-06-28 17:22:39','2024-06-28 17:22:39'),(735,70,'hola_mundo.txt',256000,'2024-06-28 17:22:39','2024-06-28 17:22:39'),(736,70,'/root/adios_mundo.txt',102400,'2024-06-28 17:22:39','2024-06-28 17:22:39'),(737,70,'/root/adios_mundo.txt',102400,'2024-06-28 17:24:41','2024-06-28 17:24:41'),(738,70,'hola_mundo.txt',256000,'2024-06-28 17:24:41','2024-06-28 17:24:41'),(739,70,'hola_mundo.txt',256000,'2024-06-28 17:24:52','2024-06-28 17:24:52'),(740,70,'/root/adios_mundo.txt',102400,'2024-06-28 17:24:52','2024-06-28 17:24:52'),(741,70,'/root/adios_mundo.txt',102400,'2024-06-28 17:24:52','2024-06-28 17:24:52'),(742,93,'backup4.tar',1,'2024-06-28 17:24:53','2024-06-28 17:24:53'),(743,70,'hola_mundo.txt',256000,'2024-06-28 17:25:19','2024-06-28 17:25:19'),(744,70,'/root/adios_mundo.txt',102400,'2024-06-28 17:25:19','2024-06-28 17:25:19'),(745,70,'/root/adios_mundo.txt',102400,'2024-06-28 17:26:37','2024-06-28 17:26:37'),(746,70,'hola_mundo.txt',256000,'2024-06-28 17:26:37','2024-06-28 17:26:37'),(747,70,'/root/adios_mundo.txt',102400,'2024-06-28 17:31:11','2024-06-28 17:31:11'),(748,70,'hola_mundo.txt',256000,'2024-06-28 17:31:11','2024-06-28 17:31:11'),(749,70,'hola_mundo.txt',256000,'2024-06-28 17:31:39','2024-06-28 17:31:39'),(750,70,'/root/adios_mundo.txt',102400,'2024-06-28 17:31:39','2024-06-28 17:31:39'),(751,70,'hola_mundo.txt',256000,'2024-06-28 17:31:46','2024-06-28 17:31:46'),(752,70,'/root/adios_mundo.txt',102400,'2024-06-28 17:31:46','2024-06-28 17:31:46'),(753,70,'hola_mundo.txt',256000,'2024-06-28 17:31:46','2024-06-28 17:31:46'),(754,70,'/root/adios_mundo.txt',102400,'2024-06-28 17:31:46','2024-06-28 17:31:46'),(755,70,'/root/adios_mundo.txt',102400,'2024-06-28 17:31:47','2024-06-28 17:31:47'),(756,70,'hola_mundo.txt',256000,'2024-06-28 17:31:47','2024-06-28 17:31:47'),(757,70,'/root/adios_mundo.txt',102400,'2024-06-28 17:31:48','2024-06-28 17:31:48'),(758,70,'hola_mundo.txt',256000,'2024-06-28 17:31:48','2024-06-28 17:31:48'),(759,70,'/root/adios_mundo.txt',102400,'2024-06-28 17:31:49','2024-06-28 17:31:49'),(760,70,'hola_mundo.txt',256000,'2024-06-28 17:31:49','2024-06-28 17:31:49'),(761,70,'/root/adios_mundo.txt',102400,'2024-06-28 17:32:08','2024-06-28 17:32:08'),(762,70,'hola_mundo.txt',256000,'2024-06-28 17:32:08','2024-06-28 17:32:08'),(763,70,'/root/adios_mundo.txt',102400,'2024-06-28 17:32:09','2024-06-28 17:32:09'),(764,70,'hola_mundo.txt',256000,'2024-06-28 17:32:09','2024-06-28 17:32:09'),(765,70,'/root/adios_mundo.txt',102400,'2024-06-28 17:32:10','2024-06-28 17:32:10'),(766,70,'hola_mundo.txt',256000,'2024-06-28 17:32:10','2024-06-28 17:32:10'),(767,70,'/root/adios_mundo.txt',102400,'2024-06-28 17:32:11','2024-06-28 17:32:11'),(768,70,'hola_mundo.txt',256000,'2024-06-28 17:32:11','2024-06-28 17:32:11'),(769,70,'/root/adios_mundo.txt',102400,'2024-06-28 17:32:11','2024-06-28 17:32:11'),(770,70,'hola_mundo.txt',256000,'2024-06-28 17:32:11','2024-06-28 17:32:11'),(771,70,'/root/adios_mundo.txt',102400,'2024-06-28 17:32:16','2024-06-28 17:32:16'),(772,70,'hola_mundo.txt',256000,'2024-06-28 17:32:16','2024-06-28 17:32:16'),(773,70,'/root/adios_mundo.txt',102400,'2024-06-28 17:32:16','2024-06-28 17:32:16'),(774,70,'hola_mundo.txt',256000,'2024-06-28 17:32:16','2024-06-28 17:32:16'),(775,70,'/root/adios_mundo.txt',102400,'2024-06-28 17:32:17','2024-06-28 17:32:17'),(776,70,'hola_mundo.txt',256000,'2024-06-28 17:32:17','2024-06-28 17:32:17'),(777,70,'/root/adios_mundo.txt',102400,'2024-06-28 17:32:18','2024-06-28 17:32:18'),(778,70,'hola_mundo.txt',256000,'2024-06-28 17:32:18','2024-06-28 17:32:18'),(779,70,'/root/adios_mundo.txt',102400,'2024-06-28 17:32:19','2024-06-28 17:32:19'),(780,70,'hola_mundo.txt',256000,'2024-06-28 17:32:19','2024-06-28 17:32:19'),(781,70,'/root/adios_mundo.txt',102400,'2024-06-28 17:32:51','2024-06-28 17:32:51'),(782,70,'hola_mundo.txt',256000,'2024-06-28 17:32:51','2024-06-28 17:32:51'),(783,93,'backup4.tar',1,'2024-06-28 17:32:51','2024-06-28 17:32:51'),(784,83,'respaldo_2024.txt',2097152,'2024-07-01 12:12:15','2024-07-01 12:12:15'),(785,83,'respaldo_2024.txt',2097152,'2024-07-01 12:12:24','2024-07-01 12:12:24'),(786,83,'respaldo_2024.txt',2097152,'2024-07-01 12:12:44','2024-07-01 12:12:44'),(787,83,'respaldo_2024.txt',2097152,'2024-07-01 12:13:44','2024-07-01 12:13:44'),(788,84,'respaldo_siara_01_Jul_2024.tar.gz',0,'2024-07-01 12:30:25','2024-07-01 12:30:25'),(789,84,'respaldo_siara_01_Jul_2024.tar.gz',0,'2024-07-01 12:30:27','2024-07-01 12:30:27'),(790,84,'respaldo_siara_01_Jul_2024.tar.gz',102400,'2024-07-01 12:31:04','2024-07-01 12:31:04'),(791,83,'respaldo_siara_01_Jul_2024.tar.gz',2097152,'2024-07-01 12:35:01','2024-07-01 12:35:01'),(792,84,'respaldo_siara_01_Jul_2024.tar.gz',102400,'2024-07-01 12:35:16','2024-07-01 12:35:16'),(793,83,'respaldo_siara_01_Jul_2024.tar.gz',2097152,'2024-07-01 12:35:28','2024-07-01 12:35:28'),(794,84,'respaldo_siara_01_Jul_2024.tar.gz',239616,'2024-07-01 12:36:37','2024-07-01 12:36:37'),(795,84,'respaldo_siara_.tar.gz',239616,'2024-07-01 13:02:45','2024-07-01 13:02:45'),(796,84,'respaldo_siara_.tar.gz',544768,'2024-07-01 13:03:00','2024-07-01 13:03:00'),(797,84,'respaldo_siara_.tar.gz',544768,'2024-07-01 13:03:11','2024-07-01 13:03:11'),(798,84,'respaldo_siara_.tar.gz',544768,'2024-07-01 13:04:48','2024-07-01 13:04:48'),(799,84,'respaldo_siara_.tar.gz',544768,'2024-07-01 13:05:06','2024-07-01 13:05:06'),(800,84,'respaldo_siara_.tar.gz',544768,'2024-07-01 13:06:25','2024-07-01 13:06:25'),(801,84,'respaldo_siara_01Jul2024.tar.gz',544768,'2024-07-01 16:50:11','2024-07-01 16:50:11'),(802,84,'respaldo_siara_.tar.gz',544768,'2024-07-01 16:51:00','2024-07-01 16:51:00'),(803,84,'respaldo_siara_.tar.gz',544768,'2024-07-01 16:53:39','2024-07-01 16:53:39'),(804,84,'respaldo_siara_.tar.gz',544768,'2024-07-02 09:28:32','2024-07-02 09:28:32'),(805,84,'respaldo_siara_02_07_2024.tar.gz',544768,'2024-07-02 09:55:18','2024-07-02 09:55:18'),(806,84,'respaldo_siara_02_07_2024.tar.gz',544768,'2024-07-02 09:55:54','2024-07-02 09:55:54'),(807,84,'respaldo_siara_02_07_2024.tar.gz',544768,'2024-07-02 09:56:37','2024-07-02 09:56:37'),(808,84,'respaldo_siara_02_07_2024.tar.gz',544768,'2024-07-02 09:59:39','2024-07-02 09:59:39'),(809,84,'respaldo_siara_02_07_2024.tar.gz',544768,'2024-07-02 09:59:46','2024-07-02 09:59:46'),(810,84,'respaldo_siara.tar.gz',544768,'2024-07-02 10:01:03','2024-07-02 10:01:03'),(811,84,'respaldo_siara.tar.gz',544768,'2024-07-02 10:01:10','2024-07-02 10:01:10'),(812,84,'respaldo_siara.tar.gz',544768,'2024-07-02 10:01:16','2024-07-02 10:01:16'),(813,84,'respaldo_siara.tar.gz',544768,'2024-07-02 10:01:23','2024-07-02 10:01:23'),(814,84,'respaldo_siara.tar.gz',544768,'2024-07-02 10:28:01','2024-07-02 10:28:01'),(815,84,'respaldo_siara.tar.gz',544768,'2024-07-02 10:28:14','2024-07-02 10:28:14'),(816,84,'respaldo_siara.tar.gz',544768,'2024-07-02 10:33:04','2024-07-02 10:33:04'),(817,96,'BIOMETRICOS.tar.gz',4,'2024-07-02 11:29:25','2024-07-02 11:29:25'),(818,96,'BIOMETRICOS.tar.gz',4,'2024-07-02 11:29:30','2024-07-02 11:29:30'),(819,97,'GESTION.tar.gz',29095724,'2024-07-02 12:04:26','2024-07-02 12:04:26'),(820,95,'/root/adios_mundo.txt',102400,'2024-07-02 12:14:04','2024-07-02 12:14:04'),(821,97,'GESTION.tar.gz',29095724,'2024-07-02 17:13:28','2024-07-02 17:13:28');
/*!40000 ALTER TABLE `file_traces` ENABLE KEYS */;
UNLOCK TABLES;

--
-- Table structure for table `metadatas`
--

DROP TABLE IF EXISTS `metadatas`;
/*!40101 SET @saved_cs_client     = @@character_set_client */;
/*!40101 SET character_set_client = utf8 */;
CREATE TABLE `metadatas` (
  `id` int(11) NOT NULL AUTO_INCREMENT,
  `id_backup` int(11) DEFAULT NULL,
  `ruta_respaldo` varchar(255) DEFAULT NULL,
  `ip_servidor` varchar(255) DEFAULT NULL,
  `ip_nas` varchar(255) DEFAULT NULL,
  `rash` varchar(255) DEFAULT NULL,
  `user_servidor` varchar(255) DEFAULT NULL,
  `pw_servidor` varchar(255) DEFAULT NULL,
  `port` int(11) DEFAULT NULL,
  `reintentos_maximos` int(11) DEFAULT NULL,
  `createdAt` datetime NOT NULL DEFAULT curdate(),
  `updatedAt` datetime NOT NULL DEFAULT curdate(),
  PRIMARY KEY (`id`),
  KEY `metadatas_backups_FK_1` (`id_backup`),
  CONSTRAINT `metadatas_backups_FK` FOREIGN KEY (`id_backup`) REFERENCES `backups` (`id`) ON DELETE CASCADE ON UPDATE CASCADE
) ENGINE=InnoDB AUTO_INCREMENT=68 DEFAULT CHARSET=utf8mb4 COLLATE=utf8mb4_general_ci;
/*!40101 SET character_set_client = @saved_cs_client */;

--
-- Dumping data for table `metadatas`
--

LOCK TABLES `metadatas` WRITE;
/*!40000 ALTER TABLE `metadatas` DISABLE KEYS */;
INSERT INTO `metadatas` VALUES (40,70,'','10.22.165.29','','echo <Pr0c3s0.> | sudo -S ','usuario','Pr0c3s0.',2224,5,'2024-06-20 18:25:40','2024-07-01 19:47:55'),(51,83,'','10.22.165.29','','echo <P4ssw0rd.> | sudo -S ','root','Pr0c3s0.',2224,1,'2024-06-27 17:13:10','2024-06-28 22:03:25'),(52,84,'','10.22.165.29','','echo Pr0c3s0. | sudo -S ','usuario','Pr0c3s0.',2224,1,'2024-06-27 17:14:29','2024-07-01 19:48:10'),(53,85,'','10.22.165.29','','echo <P4ssw0rd.> | sudo -S ','root','Pr0c3s0.',2224,1,'2024-06-27 17:14:55','2024-06-27 18:08:45'),(54,86,'','10.22.165.29','','echo <P4ssw0rd.> | sudo -S ','root','Pr0c3s0.',2224,1,'2024-06-27 17:15:26','2024-06-27 17:15:26'),(57,93,'','10.22.165.29','','echo a478s236d159f | sudo -S ','usuario','a478s236d159f',2226,2,'2024-06-27 18:21:55','2024-06-27 19:13:46'),(65,95,'','10.22.165.29','','echo Pr0c3s0. | sudo -S ','root','Pr0c3s0.',2224,1,'2024-06-28 22:11:06','2024-06-28 22:17:16'),(66,96,'/mnt/Respaldos_Pure/Test/$YEAR_DIR/$MONTH_DIR/10_22_157_42','10.22.157.42','10.22.157.67','echo Acceso123 | sudo -S ','backups','Acceso123',22,1,'2024-07-01 18:40:28','2024-07-02 16:53:02'),(67,97,'/mnt/Respaldos_Pure/Test/10_22_157_42','10.22.157.42','10.22.157.67','echo Acceso123 | sudo -S ','backups','Acceso123',22,1,'2024-07-02 17:09:02','2024-07-02 17:32:34');
/*!40000 ALTER TABLE `metadatas` ENABLE KEYS */;
UNLOCK TABLES;

--
-- Table structure for table `sessions`
--

DROP TABLE IF EXISTS `sessions`;
/*!40101 SET @saved_cs_client     = @@character_set_client */;
/*!40101 SET character_set_client = utf8 */;
CREATE TABLE `sessions` (
  `id` int(11) NOT NULL AUTO_INCREMENT,
  `id_user` bigint(20) DEFAULT NULL,
  `session` varchar(255) DEFAULT NULL,
  `createdAt` datetime NOT NULL DEFAULT current_timestamp(),
  `updatedAt` datetime NOT NULL DEFAULT current_timestamp(),
  PRIMARY KEY (`id`),
  UNIQUE KEY `id_user` (`id_user`)
) ENGINE=InnoDB DEFAULT CHARSET=utf8mb4 COLLATE=utf8mb4_general_ci;
/*!40101 SET character_set_client = @saved_cs_client */;

--
-- Dumping data for table `sessions`
--

LOCK TABLES `sessions` WRITE;
/*!40000 ALTER TABLE `sessions` DISABLE KEYS */;
/*!40000 ALTER TABLE `sessions` ENABLE KEYS */;
UNLOCK TABLES;

--
-- Table structure for table `users`
--

DROP TABLE IF EXISTS `users`;
/*!40101 SET @saved_cs_client     = @@character_set_client */;
/*!40101 SET character_set_client = utf8 */;
CREATE TABLE `users` (
  `id` int(11) NOT NULL AUTO_INCREMENT,
  `username` varchar(255) DEFAULT NULL,
  `password` varchar(255) DEFAULT NULL,
  `role` varchar(255) DEFAULT NULL,
  `createdAt` datetime NOT NULL DEFAULT current_timestamp(),
  `updatedAt` datetime NOT NULL DEFAULT current_timestamp(),
  PRIMARY KEY (`id`),
  UNIQUE KEY `username` (`username`)
) ENGINE=InnoDB DEFAULT CHARSET=utf8mb4 COLLATE=utf8mb4_general_ci;
/*!40101 SET character_set_client = @saved_cs_client */;

--
-- Dumping data for table `users`
--

LOCK TABLES `users` WRITE;
/*!40000 ALTER TABLE `users` DISABLE KEYS */;
/*!40000 ALTER TABLE `users` ENABLE KEYS */;
UNLOCK TABLES;

--
-- Dumping routines for database 'auto-backup'
--
/*!40103 SET TIME_ZONE=@OLD_TIME_ZONE */;

/*!40101 SET SQL_MODE=@OLD_SQL_MODE */;
/*!40014 SET FOREIGN_KEY_CHECKS=@OLD_FOREIGN_KEY_CHECKS */;
/*!40014 SET UNIQUE_CHECKS=@OLD_UNIQUE_CHECKS */;
/*!40101 SET CHARACTER_SET_CLIENT=@OLD_CHARACTER_SET_CLIENT */;
/*!40101 SET CHARACTER_SET_RESULTS=@OLD_CHARACTER_SET_RESULTS */;
/*!40101 SET COLLATION_CONNECTION=@OLD_COLLATION_CONNECTION */;
/*!40111 SET SQL_NOTES=@OLD_SQL_NOTES */;

-- Dump completed on 2024-07-02 17:57:04
